brand_names,price,score,processor brand,processor type,processor gen,type of core,no of threads,Ram,ram type,storage type,storage capacity,ppi,OS,Warranty
others,84490,65.0,Intel,i9,12.0,14.0,32.0,32,lpddr5,SSD,1024.0,,Windows 11,
hp,52990,63.0,AMD,ryzen,5.0,6.0,8.0,8,ddr4,SSD,512.0,141.2119980822,Windows 10,1.0
dell,45200,,Intel,i3,12.0,6.0,8.0,8,ddr4,SSD,512.0,141.2119980822,Windows 11,1.0
hp,52990,63.0,Intel,i5,11.0,4.0,8.0,8,ddr4,SSD,512.0,141.2119980822,Windows 11,1.0
hp,67990,71.0,Intel,i5,12.0,8.0,8.0,8,ddr4,SSD,512.0,141.2119980822,Windows 11,1.0
lenovo,33999,61.0,Intel,i3,11.0,2.0,8.0,8,ddr4,SSD,512.0,141.2119980822,Windows 11,1.0
hp,29300,,AMD,athlon,3.0,2.0,8.0,8,ddr4,SSD,512.0,100.4546698611,Windows 11,1.0
lenovo,54990,73.0,Intel,i5,11.0,4.0,8.0,8,ddr4,Hard Disk,1024.0,141.2119980822,Windows 11,
hp,56899,61.0,Intel,i5,12.0,10.0,8.0,8,ddr4,SSD,512.0,141.2119980822,Windows 11,1.0
dell,57831,,Intel,i5,12.0,10.0,8.0,8,ddr4,SSD,512.0,141.2119980822,Windows 11,1.0
msi,63500,73.0,Intel,i7,11.0,8.0,8.0,8,ddr4,SSD,512.0,141.2119980822,Windows 10,2.0
asus,49990,66.0,AMD,ryzen,5.0,6.0,8.0,8,ddr4,SSD,512.0,141.5097169808,Windows 11,1.0
hp,47490,60.0,Intel,i3,12.0,6.0,8.0,8,ddr4,SSD,512.0,141.2119980822,Windows 11,1.0
others,69990,,Intel,i5,13.0,12.0,8.0,8,lpddr5,SSD,512.0,157.3505121487,Windows 11,1.0
lenovo,35499,62.0,AMD,ryzen,5.0,4.0,8.0,8,ddr4,SSD,512.0,141.2119980822,Windows 11,1.0
others,49490,62.0,Intel,i5,12.0,12.0,16.0,16,lpddr5,SSD,512.0,141.2119980822,Windows,1.0
lenovo,35499,61.0,Intel,i3,11.0,2.0,8.0,8,ddr4,Hard Disk,1024.0,141.2119980822,Windows 11,
others,30990,,Intel,i3,10.0,2.0,8.0,8,lpddr4x,SSD,256.0,157.3505121487,Windows 11,1.0
apple,83900,,Apple,m1,,8.0,8.0,8,ddr4,SSD,256.0,226.9830046811,Mac,1.0
others,19999,,others,others,,8.0,4.0,4,lpddr4,Hard Disk,128.0,135.0942111926,others,1.0
asus,63990,67.0,AMD,ryzen,4.0,6.0,8.0,8,ddr4,SSD,512.0,127.3356745712,Windows 11,1.0
others,42490,61.0,Intel,i5,11.0,4.0,8.0,8,ddr4,SSD,512.0,141.2119980822,Windows 10,1.0
lenovo,21499,,Intel,celeron,,4.0,4.0,4,ddr4,Hard Disk,128.0,142.7941099194,Windows 10,1.0
hp,27990,,AMD,ryzen,3.0,2.0,8.0,8,ddr4,SSD,256.0,141.2119980822,Windows 11,1.0
dell,38170,,Intel,i3,11.0,2.0,8.0,8,ddr4,SSD,512.0,141.5750109307,Windows 11,1.0
lenovo,18990,,AMD,athlon,,2.0,8.0,8,ram,SSD,256.0,157.3505121487,Windows 11,1.0
lenovo,58490,69.0,AMD,ryzen,5.0,6.0,8.0,8,ddr4,SSD,512.0,141.2119980822,Windows 11,1.0
asus,54490,67.0,AMD,ryzen,5.0,6.0,16.0,16,ddr4,SSD,512.0,141.5097169808,Windows 11,1.0
asus,65990,68.0,AMD,ryzen,5.0,8.0,16.0,16,ddr4,SSD,512.0,141.2119980822,Windows 11,1.0
dell,58490,65.0,Intel,i5,11.0,4.0,8.0,8,ddr4,Hard Disk,1024.0,141.2119980822,Windows 10,
asus,67490,65.0,Intel,i5,12.0,12.0,16.0,16,ddr4,SSD,512.0,141.2119980822,Windows 11,1.0
others,16990,,others,others,,8.0,4.0,4,lpddr4,Hard Disk,64.0,135.0942111926,others,1.0
lenovo,38799,,AMD,ryzen,5.0,6.0,8.0,8,ddr4,SSD,512.0,141.2119980822,Windows 11,1.0
lenovo,52890,69.0,Intel,i5,11.0,4.0,8.0,8,ddr4,SSD,512.0,141.2119980822,Windows 11,1.0
hp,40990,60.0,Intel,i3,11.0,2.0,8.0,8,ddr4,SSD,512.0,141.2119980822,Windows 11,1.0
msi,49990,71.0,Intel,i5,11.0,6.0,8.0,8,ddr4,SSD,512.0,141.2119980822,Windows 10,2.0
hp,45729,61.0,AMD,ryzen,5.0,6.0,8.0,8,ddr4,SSD,512.0,141.2119980822,Windows 11,1.0
hp,68200,73.0,Intel,i5,12.0,8.0,8.0,8,ddr4,SSD,512.0,141.2119980822,Windows 11,1.0
asus,28990,,Intel,i3,10.0,2.0,8.0,8,ram,Hard Disk,1024.0,157.3505121487,Windows 11,1.0
hp,27999,,AMD,ryzen,3.0,2.0,8.0,8,ddr4,Hard Disk,1024.0,157.3505121487,Windows 11,1.0
asus,69490,67.0,AMD,ryzen,5.0,6.0,16.0,16,ddr4,SSD,512.0,141.2119980822,Windows 11,1.0
hp,50490,63.0,AMD,ryzen,5.0,6.0,16.0,16,ddr4,SSD,512.0,141.2119980822,Windows 11,1.0
hp,63490,62.0,Intel,i5,12.0,12.0,8.0,8,ddr4,SSD,512.0,141.2119980822,Windows 11,1.0
others,21999,,others,others,,8.0,2.0,2,ram,Hard Disk,64.0,111.9352035596,others,1.0
asus,94280,69.0,Intel,i9,11.0,8.0,16.0,16,ram,SSD,512.0,141.2119980822,Windows 11,1.0
dell,55111,,Intel,i5,12.0,10.0,8.0,8,ddr4,Hard Disk,1024.0,141.2119980822,Windows 11,
dell,84918,65.0,Intel,i7,12.0,12.0,16.0,16,ddr5,SSD,512.0,165.6321180513,Windows 11,1.0
hp,73490,68.0,Intel,i5,12.0,10.0,16.0,16,ddr4,SSD,512.0,157.3505121487,Windows 11,1.0
hp,59990,72.0,AMD,ryzen,5.0,6.0,8.0,8,ddr4,SSD,512.0,141.2119980822,Windows 11,1.0
hp,58899,,Intel,i5,12.0,10.0,16.0,16,ddr4,SSD,512.0,157.3505121487,Windows 11,1.0
lenovo,33019,60.0,AMD,ryzen,3.0,2.0,8.0,8,ddr4,SSD,512.0,141.2119980822,Windows 11,1.0
others,8900,,Intel,others,,4.0,2.0,2,ddr3,Hard Disk,,,Windows 10,1.0
hp,37950,,AMD,ryzen,5.0,4.0,8.0,8,ddr4,SSD,512.0,141.2119980822,Windows 11,1.0
others,79490,65.0,Intel,i9,12.0,14.0,16.0,16,lpddr5,SSD,512.0,,Windows 11,
dell,47990,65.0,Intel,i3,12.0,6.0,8.0,8,ddr4,SSD,512.0,141.2119980822,Windows 11,1.0
acer,20990,,AMD,ryzen,3.0,2.0,4.0,4,ddr4,SSD,256.0,111.9352035596,Windows 11,1.0
hp,63990,72.0,AMD,ryzen,5.0,6.0,8.0,8,ddr4,SSD,512.0,136.8265323032,Windows 11,1.0
apple,107990,,Apple,m2,,8.0,8.0,8,ddr4,SSD,256.0,224.5056083177,Mac,1.0
asus,329990,80.0,Intel,i7,12.0,10.0,16.0,16,lpddr5,SSD,1024.0,184.9710982659,Windows 11,1.0
others,40990,62.0,Intel,i5,11.0,4.0,16.0,16,ddr4,SSD,512.0,156.2345510697,Windows,1.0
apple,349900,66.0,Apple,m2,,12.0,32.0,32,unified,SSD,1024.0,254.0233485459,Mac,1.0
asus,59990,69.0,AMD,ryzen,4.0,8.0,16.0,16,ddr4,SSD,512.0,141.2119980822,Windows 11,1.0
lenovo,68300,66.0,Intel,i5,12.0,10.0,16.0,16,ddr4,SSD,512.0,141.2119980822,Windows 11,1.0
asus,88687,80.0,AMD,ryzen,6.0,8.0,16.0,16,ddr5,SSD,512.0,141.2119980822,Windows 11,1.0
asus,56990,69.0,Intel,i7,11.0,4.0,16.0,16,ddr4,SSD,512.0,157.3505121487,Windows 11,1.0
asus,56490,63.0,Intel,i7,11.0,4.0,16.0,16,ddr4,SSD,512.0,141.2119980822,Windows 11,1.0
hp,30290,,AMD,ryzen,5.0,4.0,8.0,8,ddr4,SSD,512.0,111.9352035596,DOS,1.0
asus,42600,,Intel,i3,12.0,10.0,8.0,8,ddr4,SSD,512.0,141.2119980822,Windows 11,1.0
hp,71990,62.0,Intel,i5,12.0,10.0,16.0,16,ddr4,SSD,512.0,157.3505121487,Windows 11,1.0
asus,53990,69.0,AMD,ryzen,5.0,6.0,8.0,8,ddr4,SSD,512.0,242.5880862529,Windows 11,1.0
asus,54589,69.0,AMD,ryzen,4.0,6.0,8.0,8,ddr4,SSD,512.0,141.2119980822,Windows 11,1.0
acer,62990,69.0,Intel,i5,12.0,12.0,16.0,16,ddr4,SSD,512.0,141.2119980822,Windows 11,1.0
lenovo,57459,,Intel,i5,12.0,10.0,8.0,8,ram,SSD,512.0,141.2119980822,Windows 11,1.0
lenovo,38900,61.0,AMD,ryzen,3.0,4.0,8.0,8,ddr4,SSD,512.0,141.2119980822,Windows 11,1.0
msi,110900,84.0,Intel,i7,12.0,14.0,16.0,16,ddr4,SSD,1024.0,188.2826641096,Windows 11,2.0
dell,69790,69.0,Intel,i5,11.0,6.0,16.0,16,ddr4,SSD,512.0,141.2119980822,Windows 11,1.0
hp,70990,65.0,Intel,i5,12.0,12.0,16.0,16,ddr4,SSD,512.0,141.2119980822,Windows 11,1.0
hp,46300,65.0,AMD,ryzen,5.0,6.0,8.0,8,ddr4,SSD,512.0,157.3505121487,Windows 11,1.0
asus,38490,,Intel,i3,11.0,2.0,8.0,8,ddr4,SSD,512.0,141.2119980822,Windows 11,1.0
hp,56960,65.0,AMD,ryzen,5.0,6.0,8.0,8,ddr4,SSD,512.0,136.8265323032,Windows 10,1.0
dell,74500,60.0,Intel,i5,11.0,4.0,8.0,8,ddr4,SSD,256.0,157.3505121487,Windows 10,1.0
dell,66990,,Intel,i5,11.0,4.0,8.0,8,ddr4,SSD,512.0,111.9352035596,Windows 10,1.0
hp,45890,,Intel,i3,11.0,2.0,8.0,8,ddr4,SSD,512.0,157.3505121487,Windows 11,1.0
hp,32999,61.0,AMD,ryzen,5.0,4.0,8.0,8,ddr4,SSD,512.0,111.9352035596,Windows 11,1.0
asus,45990,,Intel,i5,11.0,4.0,8.0,8,ddr4,SSD,512.0,141.2119980822,Windows 10,1.0
lenovo,54990,72.0,Intel,i5,11.0,4.0,8.0,8,ddr4,SSD,512.0,141.2119980822,Windows 11,1.0
hp,26990,,Intel,pentium,,4.0,8.0,8,ddr4,SSD,256.0,111.9352035596,Windows 11,1.0
asus,41990,60.0,Intel,i5,10.0,4.0,8.0,8,ddr4,SSD,512.0,157.3505121487,Windows 11,
lenovo,18990,,AMD,athlon,,2.0,4.0,4,ddr4,SSD,256.0,157.3505121487,Windows 11,1.0
acer,39990,,Intel,i3,12.0,6.0,8.0,8,ddr4,SSD,512.0,141.2119980822,Windows 11,1.0
lenovo,50850,73.0,AMD,ryzen,5.0,6.0,8.0,8,ddr4,Hard Disk,1024.0,141.2119980822,Windows 11,
asus,50990,61.0,Intel,i5,11.0,4.0,8.0,8,ddr4,SSD,512.0,141.2119980822,Windows 11,1.0
lenovo,48990,65.0,AMD,ryzen,5.0,6.0,8.0,8,ddr4,SSD,512.0,141.2119980822,Windows 11,1.0
others,24999,,Intel,celeron,,4.0,8.0,8,lpddr4x,SSD,256.0,157.3505121487,Windows 11,1.0
hp,38490,,Intel,i3,,2.0,8.0,8,ddr4,SSD,512.0,141.2119980822,Windows 11,1.0
others,61990,73.0,Intel,i5,12.0,8.0,16.0,16,lpddr5,SSD,512.0,241.896952104,Windows 10,1.0
lenovo,66829,75.0,AMD,ryzen,5.0,6.0,16.0,16,ddr4,SSD,512.0,141.2119980822,Windows 11,1.0
apple,139990,,Apple,m2,,8.0,8.0,8,ram,SSD,512.0,226.9830046811,Mac,1.0
lenovo,36490,60.0,Intel,i3,10.0,2.0,8.0,8,ddr4,SSD,512.0,141.2119980822,Windows 11,2.0
asus,74990,63.0,Intel,i5,12.0,12.0,16.0,16,ddr4,SSD,512.0,242.5880862529,Windows 11,1.0
lenovo,19990,,Intel,celeron,,2.0,4.0,4,ddr4,SSD,256.0,141.2119980822,DOS,1.0
others,59990,61.0,Intel,i5,11.0,4.0,8.0,8,lpddr4x,SSD,512.0,185.4283513096,Windows 10,1.0
others,72990,63.0,Intel,i7,11.0,10.0,16.0,16,lpddr4,SSD,512.0,141.2119980822,Windows 11,1.0
lenovo,52900,71.0,Intel,i5,11.0,4.0,8.0,8,ddr4,SSD,512.0,141.2119980822,Windows 11,1.0
hp,81990,69.0,Intel,i5,12.0,8.0,16.0,16,ddr4,SSD,512.0,141.2119980822,Windows 11,1.0
asus,66990,74.0,Intel,i5,12.0,12.0,16.0,16,ddr4,SSD,512.0,157.3505121487,Windows 11,1.0
acer,69990,74.0,Intel,i5,12.0,12.0,8.0,8,ddr4,SSD,512.0,141.2119980822,Windows 11,1.0
acer,29990,,AMD,ryzen,3.0,2.0,8.0,8,ddr4,SSD,256.0,111.9352035596,Windows 11,1.0
dell,49350,68.0,AMD,ryzen,5.0,6.0,8.0,8,ddr4,SSD,512.0,141.2119980822,Windows 11,1.0
asus,99500,76.0,Intel,i7,12.0,10.0,16.0,16,ddr5,SSD,1024.0,141.2119980822,Windows 11,1.0
hp,28450,,AMD,ryzen,3.0,2.0,8.0,8,ddr4,SSD,256.0,100.4546698611,Windows 11,1.0
asus,35385,,Intel,i3,11.0,2.0,8.0,8,ddr4,SSD,512.0,141.2119980822,Windows 11,1.0
asus,94990,79.0,Intel,i7,12.0,14.0,16.0,16,ddr5,SSD,512.0,141.2119980822,Windows 11,1.0
acer,59999,67.0,Intel,i5,12.0,12.0,8.0,8,ddr4,SSD,512.0,141.2119980822,Windows 11,1.0
dell,52106,65.0,Intel,i3,12.0,6.0,8.0,8,ddr4,SSD,256.0,,Windows 11,
hp,31990,,AMD,ryzen,3.0,2.0,8.0,8,ddr4,SSD,512.0,141.2119980822,Windows 11,1.0
asus,59990,72.0,AMD,ryzen,5.0,6.0,16.0,16,ddr4,SSD,512.0,242.5880862529,Windows 11,1.0
asus,56500,63.0,Intel,i5,10.0,4.0,8.0,8,ddr4,SSD,512.0,141.2119980822,Windows 11,1.0
others,46990,63.0,Intel,i5,11.0,4.0,8.0,8,ddr4,SSD,512.0,157.3505121487,Windows 11,1.0
dell,42290,,Intel,i3,11.0,2.0,8.0,8,ddr4,Hard Disk,1024.0,141.2119980822,Windows 11,
asus,29990,,Intel,pentium,,4.0,4.0,4,lpddr4x,Hard Disk,128.0,165.6321180513,Windows 11,1.0
asus,53990,65.0,AMD,ryzen,5.0,6.0,8.0,8,ddr4,Hard Disk,1024.0,141.2119980822,Windows 11,
hp,38490,,AMD,ryzen,5.0,4.0,8.0,8,ddr4,SSD,512.0,141.2119980822,Windows,1.0
apple,171594,,Apple,m1,,8.0,16.0,16,unified,SSD,512.0,253.9303426627,Mac,1.0
asus,16990,,Intel,celeron,,2.0,4.0,4,lpddr4x,Hard Disk,,,Chrome,1.0
hp,43650,,Intel,i3,11.0,2.0,8.0,8,ddr4,SSD,512.0,141.2119980822,Windows 11,1.0
others,57990,62.0,Intel,i5,11.0,4.0,16.0,16,ddr4,SSD,512.0,215.633854447,Windows 10,1.0
acer,73990,76.0,Intel,i5,12.0,12.0,16.0,16,ddr4,SSD,512.0,141.2119980822,Windows 11,1.0
hp,74070,63.0,Intel,i5,12.0,12.0,16.0,16,ddr4,SSD,512.0,141.2119980822,Windows 11,1.0
asus,46450,,Intel,i5,11.0,4.0,8.0,8,ddr4,SSD,512.0,141.2119980822,Windows 11,1.0
hp,51990,,Intel,i5,,4.0,8.0,8,ddr4,SSD,512.0,111.9352035596,Windows 11,1.0
hp,104990,81.0,AMD,ryzen,6.0,8.0,16.0,16,ddr5,SSD,512.0,136.8265323032,Windows 11,1.0
asus,15990,,Intel,celeron,,2.0,4.0,4,lpddr4x,Hard Disk,32.0,135.0942111926,Chrome,1.0
lenovo,80990,75.0,Intel,i5,12.0,8.0,16.0,16,ddr4,SSD,512.0,141.2119980822,Windows 11,1.0
hp,62950,,Intel,i5,12.0,10.0,8.0,8,ddr4,SSD,512.0,141.2119980822,Windows 11,1.0
lenovo,61618,74.0,AMD,ryzen,5.0,6.0,16.0,16,ddr4,SSD,512.0,161.7253908353,Windows 11,1.0
asus,65990,68.0,AMD,ryzen,4.0,8.0,16.0,16,ddr4,SSD,512.0,141.2119980822,Windows 11,1.0
asus,45690,,Intel,i3,12.0,10.0,8.0,8,ddr4,SSD,512.0,141.2119980822,Windows 11,1.0
hp,35990,,Intel,i3,11.0,2.0,8.0,8,ddr4,SSD,256.0,157.3505121487,Windows 11,1.0
hp,63900,,Intel,i5,12.0,10.0,16.0,16,ddr4,SSD,512.0,141.2119980822,Windows 11,1.0
asus,87990,75.0,AMD,ryzen,4.0,8.0,16.0,16,ddr4,SSD,1024.0,127.3356745712,Windows 11,1.0
acer,57990,69.0,Intel,i5,12.0,12.0,8.0,8,ddr4,SSD,512.0,141.2119980822,Windows 11,1.0
asus,75990,72.0,Intel,i5,12.0,8.0,8.0,8,ddr5,SSD,512.0,141.2119980822,Windows 11,1.0
others,32990,,Intel,i3,10.0,2.0,8.0,8,lpddr4x,SSD,512.0,157.3505121487,Windows 11,1.0
asus,64990,71.0,AMD,ryzen,5.0,8.0,16.0,16,ddr4,SSD,512.0,242.5880862529,Windows 11,1.0
hp,62250,60.0,Intel,i5,12.0,10.0,8.0,8,ddr4,SSD,512.0,157.3505121487,Windows 11,1.0
dell,106210,75.0,Intel,i7,12.0,14.0,16.0,16,ddr5,SSD,512.0,141.2119980822,Windows 11,1.0
acer,45599,,Intel,i5,11.0,4.0,8.0,8,ddr4,SSD,512.0,141.2119980822,Windows 11,1.0
dell,31850,,AMD,athlon,3.0,2.0,8.0,8,ddr4,SSD,256.0,141.2119980822,Windows 11,1.0
others,129990,74.0,Intel,i7,12.0,8.0,16.0,16,lpddr5,SSD,512.0,141.2119980822,Windows 11,1.0
hp,73829,72.0,AMD,ryzen,5.0,8.0,16.0,16,ddr4,SSD,512.0,141.2119980822,Windows 11,1.0
others,37490,,Intel,i5,10.0,4.0,8.0,8,lpddr4x,SSD,512.0,157.3505121487,Windows 11,1.0
dell,59306,61.0,Intel,i5,11.0,4.0,8.0,8,ddr4,SSD,512.0,141.2119980822,Windows 10,1.0
hp,26490,,AMD,ryzen,3.0,2.0,8.0,8,ddr4,SSD,512.0,111.9352035596,DOS,1.0
apple,201498,82.0,Intel,i9,9.0,8.0,32.0,32,ddr4,SSD,2048.0,226.4155471694,others,1.0
apple,172775,73.0,Intel,i7,9.0,6.0,16.0,16,ddr4,SSD,1024.0,226.4155471694,others,1.0
asus,99990,75.0,Intel,i9,11.0,8.0,16.0,16,ddr4,SSD,512.0,141.5097169808,Windows 11,1.0
acer,42990,,Intel,i3,12.0,6.0,8.0,8,ddr4,SSD,512.0,141.2119980822,Windows 11,1.0
others,30990,,Intel,i3,11.0,2.0,8.0,8,lpddr4x,SSD,256.0,141.2119980822,Windows 11,1.0
others,47990,,Intel,i5,11.0,4.0,8.0,8,lpddr4x,SSD,512.0,141.2119980822,Windows 11,1.0
others,52990,,Intel,i7,11.0,4.0,16.0,16,lpddr4x,SSD,512.0,141.2119980822,Windows 11,1.0
others,44990,,AMD,ryzen,5.0,6.0,16.0,16,ddr4,SSD,512.0,157.3505121487,Windows 11,1.0
dell,67990,62.0,Intel,i5,12.0,10.0,16.0,16,ddr4,SSD,512.0,141.2119980822,Windows 11,1.0
lenovo,76990,74.0,AMD,ryzen,5.0,8.0,8.0,8,ddr4,SSD,512.0,141.2119980822,Windows 11,1.0
asus,69500,69.0,AMD,ryzen,5.0,6.0,16.0,16,ddr4,SSD,512.0,141.2119980822,Windows 11,1.0
asus,44990,60.0,Intel,i3,12.0,10.0,8.0,8,ddr4,SSD,256.0,157.3505121487,Windows 11,1.0
msi,73490,60.0,Intel,i5,12.0,12.0,8.0,8,ddr4,SSD,512.0,141.2119980822,Windows 11,2.0
lenovo,99918,79.0,Intel,i5,12.0,14.0,16.0,16,ddr4,SSD,512.0,141.5097169808,Windows 11,1.0
others,15990,,Intel,,,2.0,4.0,4,ram,SSD,128.0,111.1413368676,Windows 11,0.08
acer,33329,,Intel,i3,11.0,2.0,8.0,8,ddr4,SSD,512.0,141.2119980822,Windows 11,1.0
asus,33690,,Intel,i3,10.0,2.0,8.0,8,ddr4,SSD,512.0,141.2119980822,Windows 11,1.0
apple,150990,,Apple,m2,,8.0,16.0,16,unified,SSD,512.0,224.5056083177,Mac,1.0
hp,36990,,Intel,i3,11.0,2.0,8.0,8,ddr4,SSD,256.0,141.2119980822,Windows 11,1.0
hp,43990,61.0,Intel,i3,11.0,2.0,8.0,8,ddr4,Hard Disk,1024.0,141.2119980822,Windows 11,
dell,41100,63.0,AMD,ryzen,5.0,4.0,8.0,8,ddr4,SSD,512.0,141.2119980822,Windows 11,1.0
hp,76990,75.0,Intel,i5,12.0,8.0,8.0,8,ddr4,SSD,512.0,141.2119980822,Windows 11,1.0
lenovo,69329,62.0,Intel,i5,11.0,4.0,16.0,16,lpddr4x,SSD,512.0,242.5880862529,Windows 11,1.0
hp,89990,66.0,Intel,i7,12.0,12.0,16.0,16,ddr4,SSD,1024.0,141.2119980822,Windows 11,1.0
asus,72400,65.0,Intel,i5,12.0,12.0,16.0,16,ddr4,SSD,512.0,141.2119980822,Windows 11,1.0
asus,56825,63.0,Intel,i5,12.0,12.0,8.0,8,ddr4,SSD,512.0,141.2119980822,Windows 11,1.0
others,16990,,Intel,celeron,,2.0,4.0,4,ddr4,SSD,128.0,156.2345510697,Windows 11,1.0
hp,52545,60.0,AMD,ryzen,5.0,6.0,8.0,8,ddr4,SSD,512.0,157.3505121487,Windows 11,1.0
hp,39990,,AMD,ryzen,5.0,4.0,8.0,8,ddr4,SSD,512.0,157.3505121487,Windows 11,1.0
apple,104990,,Apple,m1,,8.0,16.0,16,ddr4,SSD,256.0,226.9830046811,Mac,1.0
others,46990,,Intel,i7,10.0,4.0,16.0,16,lpddr4x,SSD,512.0,157.3505121487,Windows 11,1.0
others,46990,,Intel,i3,11.0,2.0,8.0,8,lpddr4x,SSD,256.0,185.4283513096,Windows 10,1.0
dell,67990,71.0,Intel,i5,11.0,4.0,16.0,16,ddr4,SSD,512.0,141.2119980822,Windows 10,1.0
hp,18629,,others,others,,8.0,4.0,4,ddr4,Hard Disk,,,Chrome,
lenovo,32990,,AMD,ryzen,5.0,4.0,8.0,8,ddr4,SSD,512.0,141.2119980822,DOS,1.0
hp,44990,62.0,AMD,ryzen,3.0,2.0,8.0,8,ddr4,Hard Disk,1024.0,141.2119980822,Windows 10,
others,44990,,others,others,,,8.0,8,ram,SSD,512.0,157.3505121487,others,1.0
apple,104990,,Apple,m1,,8.0,8.0,8,ddr4,SSD,512.0,226.9830046811,Mac,1.0
hp,90464,,Intel,i5,8.0,4.0,8.0,8,ddr4,SSD,512.0,157.3505121487,Windows 10,3.0
hp,109990,73.0,Intel,i7,12.0,10.0,16.0,16,ddr4,SSD,1024.0,217.7072568936,Windows 11,1.0
asus,56490,62.0,Intel,i5,12.0,10.0,8.0,8,ddr4,SSD,512.0,141.2119980822,Windows 11,1.0
others,64490,63.0,Intel,i7,12.0,14.0,16.0,16,lpddr5,SSD,512.0,141.2119980822,Windows,1.0
dell,138990,71.0,Intel,i9,12.0,14.0,16.0,16,lpddr5,SSD,1024.0,188.2826641096,Windows 11,1.0
asus,67500,61.0,Intel,i5,12.0,10.0,16.0,16,ddr4,SSD,512.0,141.2119980822,Windows 11,1.0
others,99999,,Intel,i5,12.0,10.0,8.0,8,lpddr5,SSD,256.0,266.2560941881,Windows 11,1.0
hp,71990,72.0,AMD,ryzen,5.0,6.0,8.0,8,ddr4,SSD,512.0,141.2119980822,Windows 11,1.0
acer,39990,,AMD,ryzen,3.0,4.0,16.0,16,ddr4,SSD,512.0,111.9352035596,Windows 11,1.0
dell,76990,66.0,Intel,i5,12.0,12.0,16.0,16,ddr5,SSD,512.0,226.9830046811,Windows 11,1.0
asus,89990,75.0,AMD,ryzen,5.0,8.0,16.0,16,ddr4,SSD,512.0,141.2119980822,Windows 11,1.0
msi,125990,75.0,Intel,i9,12.0,14.0,16.0,16,ddr4,SSD,1024.0,188.2826641096,Windows 11,2.0
lenovo,34490,,Intel,i3,11.0,2.0,8.0,8,ddr4,SSD,256.0,141.2119980822,Windows 11,1.0
asus,198490,88.0,Intel,i7,12.0,14.0,16.0,16,ddr5,SSD,1024.0,283.0194339617,Windows 11,1.0
msi,49990,68.0,AMD,ryzen,5.0,6.0,8.0,8,ddr4,SSD,512.0,141.2119980822,Windows 11,1.0
lenovo,53209,,Intel,i5,11.0,4.0,8.0,8,ddr4,SSD,512.0,141.2119980822,Windows 11,1.0
others,20990,,Intel,celeron,,4.0,4.0,4,lpddr4x,SSD,128.0,157.3505121487,Windows 11,1.0
lenovo,37990,,Intel,i3,11.0,2.0,8.0,8,ddr4,SSD,512.0,157.3505121487,Windows 11,1.0
acer,26990,,AMD,ryzen,3.0,2.0,8.0,8,ddr4,SSD,256.0,145.1381712624,Windows 11,1.0
hp,37990,61.0,AMD,ryzen,3.0,2.0,8.0,8,ddr4,SSD,512.0,141.2119980822,Windows 11,1.0
dell,52290,71.0,AMD,ryzen,5.0,6.0,8.0,8,ddr4,SSD,512.0,141.5097169808,Windows 11,1.0
hp,93029,74.0,Intel,i7,12.0,14.0,16.0,16,ddr4,SSD,1024.0,242.5880862529,Windows 11,1.0
lenovo,37990,,Intel,i3,11.0,2.0,8.0,8,ddr4,SSD,512.0,157.3505121487,Windows 11,1.0
asus,199990,,Intel,i7,12.0,14.0,32.0,32,ddr4,SSD,1024.0,282.4239961644,Windows 11,2.0
hp,96099,63.0,Intel,i7,12.0,10.0,16.0,16,ddr4,SSD,512.0,141.2119980822,Windows 11,1.0
asus,81990,67.0,Intel,i5,12.0,8.0,16.0,16,ddr5,SSD,512.0,141.2119980822,Windows 11,1.0
lenovo,42026,,Intel,i3,12.0,6.0,8.0,8,ram,SSD,512.0,141.2119980822,Windows 11,1.0
hp,68499,74.0,AMD,ryzen,5.0,8.0,8.0,8,ddr4,SSD,512.0,136.8265323032,Windows 11,1.0
acer,62990,73.0,Intel,i5,11.0,6.0,16.0,16,ddr4,SSD,512.0,141.2119980822,Windows 11,1.0
asus,47990,60.0,Intel,i3,12.0,10.0,8.0,8,ddr4,SSD,512.0,157.3505121487,Windows 11,1.0
asus,66990,72.0,AMD,ryzen,5.0,8.0,16.0,16,ddr4,SSD,512.0,141.5097169808,Windows 11,1.0
hp,69990,63.0,Intel,i5,12.0,12.0,16.0,16,ddr4,SSD,512.0,141.2119980822,Windows 11,1.0
asus,69990,68.0,AMD,ryzen,4.0,8.0,8.0,8,ddr4,SSD,512.0,141.2119980822,Windows 11,1.0
asus,41990,,Intel,i3,11.0,2.0,8.0,8,ddr4,SSD,512.0,141.2119980822,Windows 11,1.0
asus,122990,81.0,Intel,i7,12.0,14.0,16.0,16,ddr5,SSD,1024.0,188.2826641096,Windows 11,1.0
acer,49990,66.0,Intel,i5,11.0,4.0,16.0,16,ddr4,SSD,512.0,141.2119980822,Windows 11,1.0
apple,131990,,Apple,m2,,8.0,8.0,8,unified,SSD,512.0,224.5056083177,Mac,1.0
asus,54790,72.0,AMD,ryzen,4.0,6.0,8.0,8,ddr4,SSD,512.0,141.2119980822,Windows 11,1.0
others,79990,63.0,Intel,i5,12.0,12.0,8.0,8,lpddr4x,SSD,512.0,141.2119980822,Windows 11,1.0
others,61990,60.0,Intel,i5,12.0,10.0,8.0,8,lpddr4,SSD,512.0,141.2119980822,Windows 11,1.0
lenovo,27142,,Intel,celeron,,2.0,8.0,8,ddr4,SSD,256.0,100.4546698611,Windows 11,1.0
dell,84990,67.0,Intel,i5,12.0,12.0,16.0,16,ddr5,SSD,512.0,141.2119980822,Windows 11,1.0
hp,71999,67.0,Intel,i5,12.0,8.0,16.0,16,ddr4,SSD,512.0,141.2119980822,Windows 11,1.0
acer,77559,69.0,Intel,i5,12.0,8.0,8.0,8,ddr4,SSD,512.0,141.2119980822,Windows 11,1.0
asus,98490,75.0,AMD,ryzen,5.0,8.0,16.0,16,ddr4,SSD,512.0,141.2119980822,Windows 11,1.0
dell,62490,72.0,AMD,ryzen,5.0,6.0,16.0,16,ddr4,SSD,512.0,141.5097169808,Windows 11,1.0
others,32990,,others,others,2.0,,4.0,4,lpddr4x,Hard Disk,128.0,,Windows 11,1.0
dell,58990,66.0,Intel,i5,11.0,4.0,8.0,8,ddr4,SSD,512.0,157.3505121487,Windows 11,1.0
lenovo,36400,,Intel,i3,11.0,2.0,8.0,8,ddr4,SSD,256.0,141.2119980822,Windows 11,1.0
others,62899,66.0,Intel,i5,11.0,4.0,16.0,16,ddr4,SSD,512.0,241.896952104,Windows 10,1.0
msi,58500,69.0,AMD,ryzen,5.0,6.0,8.0,8,ddr4,SSD,512.0,141.2119980822,Windows 10,1.0
lenovo,56000,61.0,Intel,i5,11.0,4.0,8.0,8,ddr4,SSD,512.0,141.2119980822,Windows 10,1.0
acer,22750,,Intel,pentium,,4.0,4.0,4,ram,Hard Disk,1024.0,100.4546698611,Windows 10,1.0
others,67000,,Intel,i5,10.0,4.0,8.0,8,ddr4,SSD,256.0,148.874375245,Windows 10,1.0
dell,184999,71.0,Intel,i7,10.0,6.0,16.0,16,ddr4,SSD,512.0,145.1381712624,Windows 10,
apple,199900,,Apple,m2,,10.0,16.0,16,unified,SSD,512.0,253.9303426627,Mac,1.0
lenovo,174990,78.0,Intel,i7,13.0,12.0,16.0,16,lpddr5,SSD,1024.0,323.4507816705,Windows 11,3.0
others,33990,,Intel,i3,12.0,6.0,16.0,16,ddr4,SSD,512.0,185.4283513096,Windows 11,1.0
asus,42990,,Intel,i3,12.0,10.0,8.0,8,ddr4,SSD,512.0,141.2119980822,Windows 11,1.0
hp,82999,72.0,Intel,i5,12.0,10.0,16.0,16,ddr4,SSD,512.0,141.2119980822,Windows 11,1.0
dell,149899,78.0,Intel,i9,12.0,14.0,16.0,16,ddr5,SSD,1024.0,141.2119980822,Windows 11,1.0
hp,27499,,AMD,athlon,3.0,2.0,8.0,8,ddr4,Hard Disk,1024.0,100.4546698611,Windows 11,1.0
lenovo,18990,,AMD,athlon,3.0,2.0,4.0,4,ddr4,Hard Disk,1024.0,111.9352035596,DOS,1.0
msi,81990,73.0,Intel,i7,12.0,14.0,8.0,8,ddr4,SSD,512.0,141.2119980822,Windows 11,2.0
dell,98450,69.0,Intel,i7,12.0,10.0,16.0,16,ddr4,SSD,512.0,137.6816981301,Windows 11,1.0
asus,82990,69.0,AMD,ryzen,4.0,8.0,8.0,8,ddr4,SSD,512.0,141.2119980822,Windows 11,1.0
hp,69858,65.0,Intel,i5,12.0,10.0,16.0,16,ddr4,SSD,512.0,157.3505121487,Windows 11,1.0
lenovo,31990,,Intel,i3,10.0,2.0,4.0,4,ddr4,SSD,256.0,141.2119980822,Windows 11,1.0
asus,49990,65.0,Intel,i5,11.0,4.0,8.0,8,ddr4,SSD,512.0,157.3505121487,Windows 11,1.0
asus,54980,68.0,AMD,ryzen,5.0,6.0,16.0,16,ddr4,SSD,512.0,141.5097169808,Windows 11,1.0
dell,108000,,Intel,i5,12.0,10.0,8.0,8,ddr4,SSD,512.0,111.9352035596,Windows 11,1.0
lenovo,218110,,Intel,i7,12.0,14.0,32.0,32,ddr5,SSD,1024.0,188.6796226411,Windows 11,1.0
others,68990,66.0,Intel,i5,12.0,10.0,16.0,16,lpddr5,SSD,512.0,255.3558802662,Windows 11,
dell,79490,,Intel,i7,12.0,10.0,16.0,16,ram,SSD,512.0,161.7253908353,Windows 11,1.0
hp,59175,,Intel,i5,12.0,10.0,16.0,16,ddr4,SSD,512.0,141.2119980822,Windows 11,1.0
others,98990,,Intel,i5,12.0,10.0,8.0,8,ram,SSD,256.0,200.842559937,Windows 11,1.0
others,33990,,Intel,i3,11.0,2.0,8.0,8,lpddr4x,SSD,512.0,141.2119980822,Windows 11,1.0
hp,309990,85.0,Intel,i9,12.0,,32.0,32,ddr5,SSD,2048.0,182.4353764043,Windows 11,1.0
lenovo,141990,86.0,Intel,i7,12.0,14.0,16.0,16,ddr5,SSD,1024.0,193.5175616832,Windows 11,1.0
lenovo,51018,69.0,AMD,ryzen,5.0,6.0,8.0,8,ddr4,SSD,512.0,141.2119980822,Windows 11,1.0
asus,89990,79.0,AMD,ryzen,6.0,8.0,16.0,16,ddr5,SSD,512.0,141.2119980822,Windows 11,1.0
lenovo,22999,,AMD,athlon,,2.0,8.0,8,ram,Hard Disk,1024.0,157.3505121487,Windows 11,1.0
others,52999,65.0,Intel,i5,12.0,10.0,16.0,16,lpddr4x,SSD,512.0,188.6796226411,Windows 11,1.0
others,52999,63.0,Intel,i5,12.0,10.0,16.0,16,lpddr4x,SSD,512.0,141.5097169808,Windows 11,1.0
hp,80990,65.0,Intel,i5,12.0,10.0,8.0,8,lpddr4x,SSD,512.0,165.6321180513,Windows 11,1.0
lenovo,68989,71.0,Intel,i5,11.0,4.0,16.0,16,ddr4,SSD,512.0,141.2119980822,Windows 11,1.0
msi,82500,76.0,Intel,i5,12.0,8.0,16.0,16,ddr4,SSD,512.0,141.2119980822,Windows 11,2.0
lenovo,40871,,Intel,i3,11.0,2.0,8.0,8,ddr4,SSD,512.0,146.8604780055,Windows 11,1.0
msi,122802,85.0,Intel,i7,12.0,14.0,16.0,16,ddr5,SSD,1024.0,141.2119980822,Windows 11,2.0
acer,159990,76.0,Intel,i9,12.0,14.0,16.0,16,ddr5,SSD,1024.0,188.2826641096,Windows 11,1.0
others,76490,73.0,Intel,i5,12.0,8.0,16.0,16,lpddr5,SSD,512.0,215.633854447,Windows 11,1.0
asus,92990,69.0,Intel,i5,12.0,8.0,16.0,16,lpddr5,SSD,512.0,141.2119980822,Windows 11,1.0
msi,43400,,AMD,ryzen,5.0,6.0,8.0,8,ddr4,SSD,512.0,157.3505121487,Windows 11,1.0
lenovo,38500,,Intel,i3,11.0,2.0,8.0,8,ddr4,SSD,512.0,141.2119980822,Windows 11,1.0
lenovo,58099,60.0,Intel,i5,12.0,10.0,8.0,8,ddr4,SSD,512.0,141.2119980822,Windows 11,1.0
dell,102400,62.0,Intel,i5,,4.0,8.0,8,ddr4,SSD,512.0,165.6321180513,Windows 10,1.0
asus,199990,87.0,AMD,ryzen,6.0,8.0,32.0,32,ddr5,SSD,1024.0,215.633854447,Windows 11,1.0
msi,56890,67.0,Intel,i5,11.0,6.0,8.0,8,ddr4,SSD,512.0,141.2119980822,Windows 10,2.0
hp,41990,61.0,Intel,i3,11.0,2.0,8.0,8,ddr4,SSD,512.0,141.2119980822,Windows 11,1.0
hp,25829,,AMD,athlon,3.0,2.0,8.0,8,ddr4,SSD,256.0,111.9352035596,Windows 11,1.0
acer,432159,,Intel,i9,11.0,8.0,64.0,64,ddr4,Hard Disk,1024.0,254.6713491425,Windows 10,
lenovo,53918,68.0,Intel,i5,11.0,4.0,8.0,8,ddr4,SSD,512.0,141.2119980822,Windows 11,1.0
hp,43210,,Intel,i3,11.0,2.0,8.0,8,ddr4,SSD,512.0,141.2119980822,Windows 11,1.0
hp,42300,,Intel,i3,11.0,4.0,8.0,8,ddr4,SSD,256.0,141.2119980822,Windows 11,1.0
lenovo,38790,,Intel,i3,11.0,2.0,8.0,8,ddr4,Hard Disk,1024.0,141.2119980822,Windows 11,
lenovo,37839,,Intel,i3,11.0,,8.0,8,ddr4,SSD,512.0,,Windows 11,2.0
dell,76490,,Intel,i5,12.0,10.0,8.0,8,ddr4,SSD,512.0,161.7253908353,Windows 11,1.0
asus,90990,75.0,AMD,ryzen,4.0,8.0,16.0,16,ddr4,SSD,1024.0,141.2119980822,Windows 11,1.0
others,38990,,Intel,i5,10.0,4.0,16.0,16,lpddr4x,SSD,512.0,157.3505121487,Windows 11,1.0
lenovo,72016,69.0,Intel,i5,10.0,6.0,8.0,8,ddr4,SSD,512.0,141.2119980822,Windows 11,1.0
asus,109990,76.0,Intel,i7,12.0,14.0,16.0,16,ddr5,SSD,1024.0,127.3356745712,Windows 11,1.0
hp,87028,65.0,Intel,i7,12.0,10.0,16.0,16,ddr4,SSD,1024.0,157.3505121487,Windows 11,1.0
hp,63350,62.0,Intel,i5,12.0,12.0,8.0,8,ddr4,SSD,512.0,141.2119980822,Windows 11,1.0
dell,79990,73.0,Intel,i5,12.0,12.0,16.0,16,ddr5,SSD,512.0,141.2119980822,Windows 11,1.0
hp,78200,60.0,Intel,i5,12.0,10.0,16.0,16,ddr4,SSD,512.0,141.2119980822,Windows 11,1.0
others,79990,62.0,Intel,i7,11.0,10.0,16.0,16,lpddr4,SSD,512.0,141.2119980822,Windows 11,1.0
asus,60500,66.0,AMD,ryzen,5.0,8.0,16.0,16,ddr4,SSD,512.0,141.2119980822,Windows 11,1.0
hp,40580,,Intel,i3,11.0,4.0,8.0,8,ddr4,SSD,512.0,141.2119980822,Windows 11,1.0
lenovo,19230,,AMD,athlon,,2.0,4.0,4,ram,Hard Disk,1024.0,,DOS,
hp,59494,,Intel,i5,11.0,4.0,8.0,8,ddr4,SSD,512.0,157.3505121487,Windows 11,1.0
others,113990,73.0,Intel,i7,12.0,8.0,16.0,16,lpddr5,SSD,512.0,165.6321180513,Windows 11,1.0
lenovo,65890,73.0,AMD,ryzen,5.0,6.0,8.0,8,ddr4,SSD,512.0,141.2119980822,Windows 11,1.0
asus,41990,,Intel,pentium,,4.0,8.0,8,lpddr4x,SSD,256.0,165.6321180513,Windows 11,1.0
lenovo,44329,,AMD,ryzen,5.0,6.0,8.0,8,ddr4,SSD,512.0,141.2119980822,Windows 11,1.0
hp,35990,,Intel,i3,11.0,4.0,8.0,8,ddr4,SSD,256.0,157.3505121487,Windows 11,1.0
asus,58000,,Intel,i7,10.0,4.0,16.0,16,ddr4,SSD,512.0,141.2119980822,Windows 11,1.0
apple,296894,61.0,Apple,m1,,10.0,32.0,32,unified,SSD,1024.0,254.0233485459,Mac,1.0
dell,41490,,Intel,i3,11.0,2.0,8.0,8,ddr4,Hard Disk,1024.0,141.2119980822,Windows 10,
hp,62357,71.0,AMD,ryzen,5.0,6.0,8.0,8,ddr4,SSD,512.0,141.2119980822,Windows 10,1.0
hp,68690,75.0,Intel,i5,11.0,4.0,8.0,8,ddr4,Hard Disk,1024.0,141.2119980822,Windows 10,
others,31990,,Intel,i3,11.0,2.0,8.0,8,ddr4,SSD,256.0,141.2119980822,Windows 10,1.0
dell,50990,67.0,AMD,ryzen,5.0,6.0,8.0,8,ddr4,SSD,512.0,141.2119980822,Windows 10,1.0
others,52990,65.0,AMD,ryzen,5.0,8.0,16.0,16,ddr4,SSD,512.0,215.633854447,Windows 10,1.0
dell,66500,,Intel,i5,11.0,4.0,8.0,8,ram,SSD,512.0,157.3505121487,Windows 10,1.0
lenovo,172990,67.0,Intel,i7,11.0,4.0,16.0,16,lpddr4x,SSD,1024.0,314.7010242975,Windows 10,1.0
dell,57690,,Intel,i5,11.0,4.0,8.0,8,ddr4,Hard Disk,1024.0,141.2119980822,Windows 10,
lenovo,197281,67.0,Intel,i7,8.0,4.0,16.0,16,lpddr3,SSD,512.0,157.3505121487,Windows 10,
hp,146000,66.0,Intel,i7,8.0,4.0,8.0,8,ddr4,SSD,512.0,157.3505121487,Windows 10,3.0
lenovo,49490,65.0,Intel,i5,11.0,4.0,8.0,8,ddr4,SSD,512.0,141.2119980822,Windows 11,1.0
hp,99999,71.0,Intel,i5,12.0,10.0,16.0,16,ddr4,SSD,512.0,141.2119980822,Windows 11,1.0
apple,269900,,Apple,m2,2.0,12.0,16.0,16,unified,SSD,1024.0,254.0233485459,Mac,1.0
apple,159990,,Apple,m2,,8.0,16.0,16,unified,SSD,512.0,226.9830046811,Mac,1.0
apple,139990,,Apple,m2,,8.0,16.0,16,unified,SSD,256.0,226.9830046811,Mac,1.0
apple,131990,,Apple,m2,,8.0,16.0,16,unified,SSD,256.0,224.5056083177,Mac,1.0
hp,115903,69.0,AMD,ryzen,6.0,8.0,16.0,16,ddr5,SSD,512.0,136.8265323032,Windows 11,1.0
msi,55490,61.0,Intel,i5,12.0,10.0,8.0,8,ddr4,SSD,512.0,141.2119980822,Windows 11,1.0
asus,38990,,Intel,i5,11.0,4.0,8.0,8,ddr4,SSD,512.0,111.9352035596,DOS,1.0
hp,86990,72.0,Intel,i5,12.0,10.0,16.0,16,lpddr4x,SSD,512.0,168.9668262458,Windows 11,1.0
dell,51499,60.0,AMD,ryzen,5.0,6.0,8.0,8,ddr4,SSD,512.0,141.2119980822,Windows 11,1.0
dell,43990,,Intel,i3,12.0,6.0,8.0,8,ddr4,SSD,512.0,157.3505121487,Windows 11,1.0
msi,68490,62.0,Intel,i7,12.0,10.0,16.0,16,ddr4,SSD,512.0,141.2119980822,Windows 11,1.0
acer,56990,66.0,Intel,i5,12.0,10.0,16.0,16,ddr4,SSD,512.0,141.2119980822,Windows 11,1.0
hp,59990,66.0,Intel,i3,12.0,6.0,8.0,8,ddr4,SSD,512.0,157.3505121487,Windows 11,1.0
lenovo,20990,,AMD,athlon,3.0,2.0,4.0,4,ddr4,SSD,256.0,111.9352035596,Windows 10,1.0
others,19990,,Intel,celeron,,2.0,4.0,4,ddr4,SSD,128.0,156.2345510697,Windows 11,1.0
dell,168990,84.0,Intel,i7,12.0,14.0,16.0,16,ddr5,SSD,512.0,141.2119980822,Windows 11,1.0
hp,40960,,AMD,ryzen,5.0,4.0,8.0,8,ddr4,SSD,512.0,141.2119980822,Windows,
dell,66111,61.0,Intel,i5,12.0,10.0,8.0,8,ddr4,SSD,512.0,141.2119980822,Windows 11,1.0
asus,208990,,Intel,i9,12.0,14.0,32.0,32,ddr5,SSD,1024.0,283.0194339617,Windows 11,1.0
lenovo,45500,,Intel,i3,12.0,6.0,8.0,8,ddr4,SSD,512.0,141.2119980822,Windows 11,1.0
lenovo,47464,,AMD,ryzen,5.0,6.0,8.0,8,ddr4,SSD,512.0,141.2119980822,Windows 11,1.0
hp,21833,,AMD,athlon,3.0,2.0,4.0,4,ddr4,SSD,256.0,141.2119980822,DOS,1.0
lenovo,75000,66.0,Intel,i5,12.0,10.0,8.0,8,ddr4,SSD,512.0,157.3505121487,Windows 11,1.0
lenovo,80990,73.0,Intel,i5,12.0,8.0,16.0,16,ddr4,SSD,512.0,141.2119980822,Windows 11,1.0
others,15799,,others,others,,8.0,2.0,2,lpddr4x,Hard Disk,32.0,135.0942111926,others,1.0
lenovo,164990,84.0,Intel,i7,12.0,14.0,16.0,16,ddr5,SSD,1024.0,188.6796226411,Windows 11,1.0
hp,36499,,Intel,i3,11.0,2.0,8.0,8,ddr4,SSD,512.0,100.4546698611,Windows 11,1.0
hp,220208,78.0,Intel,i9,12.0,14.0,32.0,32,ddr4,SSD,1024.0,282.4239961644,Windows 11,1.0
asus,33990,,Intel,i3,10.0,2.0,8.0,8,ddr4,SSD,512.0,157.3505121487,Windows 11,1.0
hp,114990,71.0,Intel,i7,12.0,10.0,16.0,16,lpddr4x,SSD,1024.0,255.3558802662,Windows 11,1.0
asus,47990,63.0,Intel,i3,12.0,10.0,8.0,8,ddr4,SSD,512.0,157.3505121487,Windows 11,1.0
msi,78990,72.0,Intel,i5,11.0,6.0,8.0,8,ddr4,SSD,512.0,141.2119980822,Windows 11,2.0
msi,86910,69.0,Intel,i7,11.0,8.0,16.0,16,ram,SSD,512.0,127.188635686,Windows 11,1.0
msi,135990,81.0,Intel,i7,12.0,14.0,16.0,16,ddr4,SSD,1024.0,188.2826641096,Windows 11,2.0
msi,82490,75.0,AMD,ryzen,5.0,8.0,8.0,8,ddr4,SSD,512.0,141.2119980822,Windows 11,1.0
asus,399990,86.0,Intel,i9,12.0,,32.0,32,ddr5,SSD,4096.0,169.7808994283,Windows 11,1.0
asus,33990,,Intel,i3,10.0,2.0,8.0,8,ram,SSD,512.0,157.3505121487,Windows 11,1.0
msi,94401,79.0,AMD,ryzen,5.0,8.0,16.0,16,ddr4,SSD,1024.0,141.2119980822,Windows 11,1.0
asus,86990,73.0,Intel,i5,12.0,8.0,16.0,16,lpddr5,SSD,512.0,141.2119980822,Windows 11,1.0
lenovo,119990,75.0,AMD,ryzen,5.0,8.0,16.0,16,ddr4,SSD,512.0,141.2119980822,Windows 11,1.0
lenovo,22999,,Intel,celeron,,2.0,4.0,4,ddr4,Hard Disk,1024.0,157.3505121487,Windows 11,1.0
acer,59990,69.0,AMD,ryzen,5.0,6.0,8.0,8,ddr4,SSD,512.0,141.2119980822,Windows 11,1.0
hp,41399,,Intel,i3,11.0,2.0,8.0,8,ddr4,SSD,512.0,157.3505121487,Windows 11,1.0
dell,147490,85.0,Intel,i7,12.0,14.0,16.0,16,ddr5,SSD,1024.0,188.2826641096,Windows 11,1.0
acer,77106,73.0,Intel,i7,11.0,8.0,16.0,16,ddr4,SSD,512.0,141.2119980822,Windows 11,1.0
asus,159990,81.0,Intel,i7,12.0,14.0,16.0,16,lpddr5,SSD,1024.0,234.2229798304,Windows 11,1.0
dell,35290,,AMD,ryzen,5.0,4.0,8.0,8,ddr4,SSD,256.0,157.3505121487,Windows 11,1.0
dell,41490,61.0,AMD,ryzen,5.0,4.0,8.0,8,ddr4,SSD,512.0,157.3505121487,Windows 11,1.0
asus,70000,71.0,AMD,ryzen,4.0,6.0,8.0,8,ddr4,SSD,512.0,127.3356745712,Windows 11,1.0
lenovo,28490,,Intel,celeron,,2.0,8.0,8,ddr4,SSD,256.0,100.4546698611,Windows 11,1.0
dell,38990,60.0,AMD,ryzen,3.0,2.0,8.0,8,ddr4,Hard Disk,1024.0,,Windows 11,
msi,65890,69.0,Intel,i7,11.0,8.0,8.0,8,ddr4,SSD,512.0,141.2119980822,Windows 10,2.0
lenovo,79990,67.0,AMD,ryzen,5.0,8.0,16.0,16,ddr4,SSD,512.0,141.2119980822,Windows 11,1.0
asus,90480,,AMD,ryzen,5.0,8.0,16.0,16,ddr4,SSD,1024.0,141.2119980822,Windows 11,1.0
lenovo,112990,71.0,Intel,i7,12.0,12.0,16.0,16,lpddr5,SSD,512.0,242.5880862529,Windows 11,1.0
hp,41135,61.0,Intel,i3,11.0,2.0,8.0,8,ddr4,Hard Disk,1024.0,141.2119980822,Windows 11,
asus,73850,68.0,AMD,ryzen,4.0,8.0,8.0,8,ddr4,SSD,512.0,127.3356745712,Windows 11,1.0
hp,43990,,Intel,i3,11.0,2.0,8.0,8,ddr4,SSD,512.0,141.2119980822,Windows 11,1.0
lenovo,89350,75.0,AMD,ryzen,5.0,8.0,16.0,16,ddr4,SSD,512.0,141.2119980822,Windows 11,1.0
dell,178606,71.0,Intel,i7,12.0,12.0,16.0,16,ram,SSD,1024.0,337.9336524916,Windows 11,1.0
others,87990,69.0,Intel,i5,12.0,12.0,8.0,8,lpddr5,SSD,512.0,177.5808213093,Windows 11,1.0
lenovo,61880,,Intel,i5,12.0,10.0,16.0,16,ram,SSD,512.0,141.2119980822,Windows 11,
msi,86990,74.0,Intel,i7,11.0,8.0,16.0,16,ddr4,SSD,512.0,141.2119980822,Windows 10,2.0
dell,61390,65.0,Intel,i3,12.0,6.0,8.0,8,ddr4,SSD,512.0,161.7253908353,Windows 11,1.0
dell,102990,63.0,Intel,i7,12.0,10.0,16.0,16,ddr4,SSD,512.0,161.7253908353,Windows 11,1.0
asus,181990,68.0,Intel,i9,12.0,14.0,16.0,16,lpddr5,SSD,1024.0,168.9668262458,Windows 11,1.0
others,54990,,Intel,i7,10.0,4.0,16.0,16,lpddr4x,SSD,512.0,157.3505121487,Windows 11,1.0
others,30990,,Intel,i3,10.0,2.0,8.0,8,lpddr4x,SSD,256.0,157.3505121487,Windows 11,1.0
hp,125680,74.0,Intel,i7,12.0,14.0,16.0,16,ddr5,SSD,1024.0,136.8265323032,Windows 11,1.0
msi,71990,72.0,Intel,i7,11.0,8.0,8.0,8,ddr4,SSD,512.0,141.2119980822,Windows 10,2.0
lenovo,39390,,Intel,i3,11.0,2.0,8.0,8,ram,SSD,512.0,141.2119980822,Windows 11,1.0
others,61990,,Intel,i5,12.0,10.0,8.0,8,lpddr4x,SSD,256.0,141.2119980822,Windows 11,1.0
lenovo,29990,,Intel,celeron,,2.0,8.0,8,ddr4,SSD,256.0,100.4546698611,Windows 11,1.0
asus,84990,72.0,Intel,i7,12.0,14.0,16.0,16,ddr4,SSD,512.0,242.5880862529,Windows 11,1.0
acer,22480,,Intel,pentium,,4.0,4.0,4,ddr4,SSD,256.0,100.4546698611,Windows 11,1.0
hp,114490,78.0,Intel,i7,11.0,8.0,16.0,16,ddr4,SSD,1024.0,282.4239961644,Windows,1.0
dell,76800,65.0,Intel,i5,11.0,4.0,16.0,16,ddr4,Hard Disk,1024.0,111.9352035596,Windows 10,
hp,87490,72.0,AMD,ryzen,5.0,8.0,16.0,16,ddr4,SSD,512.0,136.8265323032,Windows 11,1.0
dell,31734,,Intel,pentium,,4.0,8.0,8,ddr4,SSD,256.0,100.4546698611,Windows 11,1.0
lenovo,36999,,Intel,i3,11.0,2.0,8.0,8,ddr4,SSD,512.0,146.8604780055,DOS,1.0
asus,63990,67.0,AMD,ryzen,5.0,8.0,16.0,16,ddr4,SSD,512.0,141.2119980822,Windows 11,1.0
lenovo,23690,,Intel,celeron,,2.0,4.0,4,ddr4,SSD,256.0,135.0942111926,Windows 11,1.0
hp,55200,60.0,AMD,ryzen,5.0,6.0,8.0,8,ddr4,SSD,512.0,141.2119980822,Windows 11,1.0
hp,38900,,Intel,i3,11.0,4.0,8.0,8,ddr4,SSD,256.0,141.2119980822,Windows 11,1.0
others,34990,,Intel,i3,10.0,2.0,8.0,8,ddr4,SSD,256.0,157.3505121487,Windows 10,1.0
others,109990,68.0,Intel,i7,12.0,8.0,16.0,16,lpddr5,SSD,512.0,165.6321180513,Windows 11,1.0
dell,54490,60.0,Intel,i5,11.0,4.0,8.0,8,ddr4,SSD,512.0,141.2119980822,Windows 11,1.0
asus,98980,61.0,AMD,ryzen,6.0,8.0,16.0,16,ddr5,SSD,1024.0,141.2119980822,Windows 11,1.0
asus,102990,72.0,AMD,ryzen,6.0,8.0,16.0,16,ddr5,SSD,512.0,127.3356745712,Windows 11,1.0
asus,23999,,Intel,pentium,,4.0,4.0,4,ddr4,Hard Disk,1024.0,100.4546698611,Windows 11,1.0
others,107990,72.0,Intel,i5,12.0,12.0,16.0,16,lpddr5,SSD,512.0,165.6321180513,Windows 11,1.0
hp,26909,,Intel,pentium,,4.0,8.0,8,ddr4,SSD,256.0,111.9352035596,Windows 11,1.0
dell,44499,,Intel,i3,11.0,,16.0,16,ddr4,Hard Disk,1024.0,141.2119980822,Windows 11,1.0
apple,126990,,Apple,m1,,8.0,16.0,16,ddr4,SSD,512.0,226.9830046811,Mac,1.0
hp,55499,,Intel,i5,11.0,4.0,8.0,8,ddr4,SSD,512.0,141.2119980822,Windows 11,1.0
lenovo,79990,62.0,Intel,ryzen,11.0,4.0,16.0,16,ddr4,SSD,512.0,165.094669811,Windows 11,3.0
hp,124999,71.0,Intel,i7,11.0,8.0,16.0,16,ddr4,SSD,1024.0,136.8265323032,Windows 11,1.0
dell,63300,65.0,Intel,i5,11.0,4.0,8.0,8,ddr4,Hard Disk,1024.0,141.2119980822,Windows 11,
hp,43250,,Intel,i3,11.0,4.0,8.0,8,ddr4,SSD,512.0,100.4546698611,Windows 11,1.0
asus,45490,,Intel,i3,11.0,2.0,8.0,8,ddr4,SSD,512.0,141.2119980822,Windows 11,1.0
lenovo,37952,,Intel,i3,11.0,2.0,8.0,8,ddr4,SSD,512.0,141.2119980822,Windows 11,1.0
dell,112000,61.0,Intel,i7,11.0,4.0,16.0,16,ddr4,SSD,512.0,157.3505121487,Windows 10,1.0
lenovo,58490,66.0,AMD,ryzen,5.0,6.0,8.0,8,ddr4,SSD,512.0,141.2119980822,Windows 11,1.0
hp,61290,,Intel,i5,11.0,4.0,8.0,8,ram,SSD,512.0,141.2119980822,Windows 11,1.0
apple,233894,,Apple,m1,,10.0,16.0,16,unified,SSD,1024.0,254.0233485459,Mac,1.0
lenovo,25990,,Intel,celeron,4.0,2.0,4.0,4,ddr4,SSD,256.0,111.9352035596,Windows 10,1.0
dell,74990,61.0,Intel,i5,11.0,4.0,8.0,8,ddr4,Hard Disk,1024.0,,Windows 10,
lenovo,31999,,Intel,i3,11.0,2.0,4.0,4,ddr4,SSD,256.0,146.8604780055,Windows 10,1.0
lenovo,18649,,Intel,celeron,4.0,2.0,4.0,4,lpddr4,SSD,64.0,157.3505121487,Chrome,1.0
hp,128500,,Intel,i7,11.0,4.0,16.0,16,lpddr4x,SSD,1024.0,170.9298382442,Windows 10,1.0
lenovo,58900,66.0,Intel,i5,11.0,4.0,8.0,8,ddr4,SSD,512.0,141.2119980822,Windows 10,1.0
others,60498,65.0,Intel,i5,11.0,4.0,8.0,8,ddr4,SSD,512.0,241.896952104,Windows 10,1.0
others,56490,60.0,Intel,i5,11.0,4.0,8.0,8,ddr4,SSD,512.0,215.633854447,Windows 10,1.0
asus,34994,,Intel,i3,11.0,2.0,8.0,8,ddr4,SSD,256.0,141.2119980822,Windows 10,1.0
lenovo,37790,,Intel,i3,11.0,2.0,8.0,8,ddr4,SSD,512.0,141.2119980822,Windows 10,1.0
hp,40000,61.0,AMD,ryzen,5.0,4.0,8.0,8,ddr4,SSD,512.0,141.2119980822,Windows 10,1.0
dell,45990,65.0,Intel,i3,11.0,4.0,8.0,8,ddr4,SSD,256.0,157.3505121487,Windows 10,1.0
others,53990,68.0,AMD,ryzen,5.0,6.0,16.0,16,ddr4,SSD,512.0,241.896952104,Windows 10,1.0
asus,106490,84.0,AMD,ryzen,5.0,8.0,16.0,16,lpddr4x,SSD,1024.0,337.9336524916,Windows 10,1.0
others,59990,71.0,AMD,ryzen,5.0,8.0,16.0,16,ddr4,SSD,512.0,241.896952104,Windows 10,1.0
others,48990,63.0,AMD,ryzen,5.0,6.0,16.0,16,ddr4,SSD,512.0,215.633854447,Windows 10,1.0
acer,54990,61.0,AMD,ryzen,5.0,6.0,8.0,8,ddr4,SSD,512.0,141.2119980822,Windows 10,1.0
hp,44700,,Intel,i3,11.0,2.0,8.0,8,ddr4,SSD,512.0,141.2119980822,Windows 10,1.0
apple,110990,,Apple,m1,,8.0,8.0,8,ddr4,SSD,256.0,,Mac,
dell,54000,,Intel,i5,10.0,4.0,8.0,8,ddr4,SSD,512.0,111.9352035596,others,1.0
asus,23490,,Intel,pentium,,4.0,4.0,4,ddr4,Hard Disk,1024.0,100.4546698611,Windows 10,1.0
others,99990,,AMD,ryzen,3.0,4.0,8.0,8,ddr4,SSD,128.0,199.9879107457,Windows 10,1.0
apple,122990,,Intel,i5,10.0,4.0,8.0,8,ddr3,SSD,256.0,226.9830046811,others,1.0
apple,72999,,Intel,i3,10.0,4.0,8.0,8,lpddr4x,SSD,256.0,226.9830046811,others,
others,54999,66.0,AMD,ryzen,3.0,4.0,8.0,8,ddr4,SSD,256.0,141.2119980822,Windows 10,1.0
others,71800,60.0,Intel,i5,10.0,,16.0,16,lpddr3,SSD,1024.0,,Chrome,1.0
others,59411,,Intel,i5,10.0,,8.0,8,ddr4,SSD,1024.0,,Windows 10,
others,40000,65.0,Intel,i7,7.0,2.0,8.0,8,ddr4,Hard Disk,500.0,141.2119980822,Windows 10,
lenovo,159990,75.0,AMD,ryzen,6.0,8.0,16.0,16,ddr5,SSD,1024.0,188.6796226411,Windows 11,1.0
hp,116000,72.0,Intel,i7,12.0,10.0,16.0,16,ddr4,SSD,512.0,141.2119980822,Windows 11,1.0
apple,249900,,Apple,m2,,12.0,16.0,16,unified,SSD,512.0,254.0233485459,Mac,1.0
apple,309900,62.0,Apple,m2,,12.0,32.0,32,unified,SSD,1024.0,253.9303426627,Mac,1.0
apple,249900,,Apple,m2,,12.0,16.0,16,unified,SSD,1024.0,253.9303426627,Mac,1.0
msi,45490,61.0,Intel,i3,12.0,6.0,8.0,8,ddr4,SSD,512.0,157.3505121487,Windows 11,1.0
hp,41990,62.0,Intel,i3,11.0,2.0,8.0,8,ddr4,Hard Disk,1024.0,141.2119980822,Windows 11,
others,47990,,Intel,i5,11.0,4.0,16.0,16,lpddr4x,SSD,512.0,141.2119980822,Windows 11,1.0
hp,82990,67.0,Intel,i5,12.0,10.0,16.0,16,ddr4,SSD,512.0,141.2119980822,Windows 11,1.0
hp,90490,65.0,Intel,i5,12.0,10.0,16.0,16,ddr4,SSD,512.0,141.2119980822,Windows 11,1.0
dell,79990,75.0,Intel,i5,12.0,12.0,8.0,8,ddr5,SSD,512.0,141.2119980822,Windows 11,1.0
msi,58490,62.0,Intel,i5,12.0,10.0,16.0,16,ddr4,SSD,512.0,141.2119980822,Windows 11,1.0
msi,56990,,Intel,i5,12.0,10.0,8.0,8,ddr4,SSD,512.0,157.3505121487,Windows 11,1.0
others,49999,,others,others,3.0,8.0,4.0,4,lpddr4x,SSD,128.0,157.3505121487,Windows 11,1.0
hp,79888,69.0,Intel,i5,12.0,8.0,8.0,8,ddr4,SSD,512.0,141.2119980822,Windows 11,1.0
dell,32990,,Intel,pentium,,2.0,8.0,8,ddr4,SSD,256.0,141.2119980822,Windows 11,1.0
lenovo,18990,,AMD,athlon,3.0,2.0,4.0,4,ddr4,Hard Disk,1024.0,111.9352035596,DOS,1.0
lenovo,18990,,AMD,athlon,3.0,2.0,4.0,4,ddr4,SSD,256.0,111.9352035596,DOS,1.0
msi,288990,,Intel,i7,12.0,14.0,32.0,32,ddr5,SSD,1024.0,188.2826641096,Windows 11,2.0
dell,87999,65.0,Intel,i5,11.0,4.0,16.0,16,ddr4,SSD,256.0,165.6321180513,Windows 10,1.0
asus,56990,61.0,Intel,i7,11.0,4.0,16.0,16,ddr4,SSD,512.0,141.2119980822,Windows 11,1.0
acer,57990,63.0,Intel,i5,12.0,10.0,8.0,8,ddr4,SSD,512.0,141.2119980822,Windows 11,1.0
others,78490,66.0,Intel,i5,12.0,12.0,8.0,8,ddr4,SSD,512.0,141.2119980822,Windows 11,2.0
others,99990,74.0,Intel,i5,12.0,12.0,16.0,16,ddr4,SSD,512.0,141.2119980822,Windows 11,2.0
hp,82990,63.0,Intel,i5,12.0,10.0,8.0,8,lpddr4x,SSD,512.0,170.2372535108,Windows 11,1.0
hp,34690,,Intel,i3,,,8.0,8,ddr4,SSD,512.0,,Windows 11,
lenovo,31990,,Intel,i3,11.0,2.0,8.0,8,ddr4,SSD,256.0,157.3505121487,Windows 11,1.0
dell,51790,62.0,AMD,ryzen,5.0,6.0,8.0,8,ddr4,SSD,512.0,141.2119980822,Windows 11,1.0
asus,56990,62.0,Intel,i5,12.0,10.0,8.0,8,ddr4,SSD,512.0,141.2119980822,Windows 11,1.0
lenovo,34499,,Intel,i3,11.0,2.0,8.0,8,ddr4,SSD,512.0,141.2119980822,DOS,1.0
hp,66990,68.0,AMD,ryzen,5.0,8.0,8.0,8,ddr4,SSD,512.0,137.6816981301,Windows 11,1.0
hp,36999,,Intel,i3,11.0,2.0,8.0,8,ddr4,SSD,256.0,141.2119980822,Windows 11,1.0
acer,18490,,Intel,celeron,,2.0,4.0,4,ddr4,Hard Disk,32.0,135.0942111926,Chrome,
dell,113100,,Intel,i7,11.0,4.0,16.0,16,ddr4,SSD,512.0,157.3505121487,Windows 10,3.0
hp,49999,68.0,AMD,ryzen,4.0,6.0,8.0,8,ddr4,SSD,512.0,157.3505121487,Windows 11,1.0
dell,180990,72.0,Intel,i9,12.0,14.0,16.0,16,lpddr5,SSD,1024.0,188.2826641096,Windows 11,1.0
lenovo,62600,65.0,AMD,ryzen,5.0,6.0,16.0,16,ddr4,SSD,512.0,141.2119980822,Windows 11,1.0
asus,65990,68.0,AMD,ryzen,4.0,6.0,8.0,8,ddr4,SSD,1024.0,141.2119980822,Windows 11,1.0
asus,51990,,Intel,i3,12.0,6.0,8.0,8,lpddr4,SSD,512.0,242.5880862529,Windows 11,1.0
asus,49990,,Intel,i3,12.0,6.0,8.0,8,ddr4,SSD,512.0,141.2119980822,Windows 11,1.0
lenovo,63590,60.0,Intel,i5,12.0,10.0,16.0,16,ddr4,SSD,512.0,217.7072568936,Windows 11,1.0
lenovo,59990,,Intel,i5,12.0,10.0,8.0,8,ram,SSD,512.0,157.3505121487,Windows 11,1.0
lenovo,78990,75.0,AMD,ryzen,5.0,8.0,16.0,16,ddr4,SSD,512.0,161.7253908353,Windows 11,1.0
hp,34490,,AMD,ryzen,3.0,2.0,8.0,8,ddr4,SSD,256.0,157.3505121487,Windows 11,1.0
hp,144480,82.0,Intel,i7,12.0,14.0,16.0,16,ddr5,SSD,1024.0,136.8265323032,Windows 11,1.0
lenovo,74490,,Intel,i5,12.0,10.0,16.0,16,ram,SSD,512.0,157.3505121487,Windows 11,1.0
hp,104990,68.0,Intel,i7,12.0,10.0,16.0,16,lpddr4x,SSD,512.0,255.3558802662,Windows 11,1.0
lenovo,69500,68.0,Intel,i5,11.0,4.0,8.0,8,ddr4,SSD,512.0,141.2119980822,Windows 11,1.0
lenovo,89990,74.0,Intel,i5,12.0,8.0,16.0,16,ddr4,SSD,512.0,141.2119980822,Windows 11,1.0
lenovo,21999,,Intel,celeron,,2.0,4.0,4,ddr4,SSD,256.0,141.2119980822,Windows 11,1.0
hp,79000,67.0,Intel,i5,12.0,10.0,16.0,16,ddr4,SSD,512.0,157.3505121487,Windows 11,1.0
hp,138800,65.0,Intel,i7,11.0,4.0,8.0,8,ddr4,SSD,512.0,157.3505121487,Windows 10,2.0
acer,319999,84.0,Intel,i9,12.0,14.0,32.0,32,ddr5,SSD,2048.0,282.4239961644,Windows 11,1.0
msi,60800,69.0,Intel,i5,10.0,6.0,8.0,8,ddr4,SSD,512.0,141.2119980822,Windows 11,2.0
others,39990,,AMD,ryzen,5.0,6.0,8.0,8,ddr4,SSD,256.0,141.2119980822,Windows 11,1.0
hp,206500,76.0,Intel,i7,12.0,,32.0,32,ddr5,SSD,1024.0,182.4353764043,Windows 11,1.0
lenovo,103957,63.0,Intel,i7,12.0,12.0,16.0,16,lpddr5,SSD,512.0,242.5880862529,Windows 11,1.0
lenovo,80030,63.0,AMD,ryzen,5.0,8.0,16.0,16,ddr4,SSD,512.0,165.6321180513,Windows 11,3.0
asus,56990,63.0,Intel,i5,12.0,10.0,8.0,8,ddr4,SSD,512.0,157.3505121487,Windows 11,1.0
lenovo,59999,62.0,Intel,i3,12.0,6.0,8.0,8,lpddr4,SSD,512.0,157.3505121487,Windows 11,1.0
others,29990,,Intel,i3,10.0,2.0,8.0,8,ram,SSD,256.0,157.3505121487,Windows 10,1.0
lenovo,48999,,Intel,i5,11.0,4.0,8.0,8,ddr4,SSD,512.0,141.2119980822,Windows 11,1.0
dell,36990,,AMD,ryzen,3.0,4.0,8.0,8,ddr4,SSD,256.0,157.3505121487,Windows 11,1.0
msi,125121,78.0,Intel,i7,12.0,14.0,16.0,16,ram,SSD,1024.0,141.2119980822,Windows 11,1.0
msi,82500,67.0,Intel,i5,12.0,12.0,8.0,8,ddr4,SSD,512.0,141.2119980822,Windows 11,2.0
msi,94355,71.0,Intel,i5,12.0,12.0,16.0,16,ddr4,SSD,512.0,141.2119980822,Windows 11,2.0
lenovo,21999,,Intel,celeron,,2.0,4.0,4,ddr4,SSD,256.0,157.3505121487,Windows 11,1.0
hp,24650,,AMD,athlon,3.0,2.0,4.0,4,ddr4,Hard Disk,1024.0,100.4546698611,DOS,1.0
asus,151990,81.0,AMD,ryzen,6.0,8.0,32.0,32,lpddr5,SSD,1024.0,168.9668262458,Windows 11,1.0
hp,78650,74.0,AMD,ryzen,5.0,8.0,8.0,8,ddr4,SSD,512.0,141.2119980822,Windows 11,1.0
lenovo,60990,61.0,Intel,i3,12.0,6.0,8.0,8,lpddr4,SSD,512.0,157.3505121487,Windows 11,1.0
lenovo,129994,79.0,AMD,ryzen,5.0,8.0,16.0,16,ddr4,SSD,1024.0,188.6796226411,Windows 11,1.0
lenovo,62829,68.0,AMD,ryzen,5.0,8.0,16.0,16,ddr4,SSD,512.0,141.2119980822,Windows 11,1.0
msi,349990,86.0,Intel,i9,12.0,,32.0,32,ddr5,SSD,2048.0,254.6713491425,Windows 11,2.0
lenovo,167990,81.0,Intel,i7,12.0,14.0,16.0,16,ddr5,SSD,1024.0,188.6796226411,Windows 11,1.0
asus,67000,66.0,Intel,i5,11.0,4.0,16.0,16,ddr4,Hard Disk,1024.0,,Windows 11,
lenovo,82990,67.0,Intel,i7,12.0,10.0,16.0,16,ddr4,SSD,512.0,141.2119980822,Windows 11,1.0
lenovo,31500,,AMD,ryzen,5.0,4.0,4.0,4,ddr4,SSD,512.0,141.2119980822,DOS,1.0
asus,28990,,Intel,pentium,,4.0,8.0,8,ddr4,SSD,256.0,111.1413368676,Windows 11,1.0
hp,83099,71.0,AMD,ryzen,5.0,8.0,16.0,16,ddr4,SSD,512.0,136.8265323032,Windows 11,1.0
asus,359990,86.0,Intel,i9,12.0,,32.0,32,ddr5,SSD,2048.0,169.7808994283,Windows 11,1.0
asus,64980,66.0,Intel,i5,12.0,12.0,16.0,16,ddr4,SSD,512.0,141.2119980822,Windows 11,1.0
acer,82990,72.0,Intel,i5,12.0,8.0,16.0,16,ddr4,SSD,512.0,141.2119980822,Windows 11,1.0
acer,62990,67.0,Intel,i5,11.0,6.0,16.0,16,ddr4,SSD,512.0,141.2119980822,Windows 11,1.0
asus,120000,78.0,Intel,i7,12.0,14.0,16.0,16,lpddr5,SSD,1024.0,242.5880862529,Windows 11,1.0
asus,249990,,Intel,i9,12.0,14.0,32.0,32,ddr5,SSD,1024.0,283.0194339617,Windows 11,1.0
hp,104990,68.0,Intel,i7,12.0,10.0,16.0,16,lpddr4x,SSD,512.0,255.3558802662,Windows 11,1.0
lenovo,73590,72.0,AMD,ryzen,5.0,8.0,8.0,8,ddr4,SSD,512.0,141.2119980822,Windows 11,1.0
asus,179990,85.0,Intel,i9,12.0,14.0,32.0,32,lpddr5,SSD,1024.0,234.2229798304,Windows 11,1.0
asus,120990,81.0,AMD,ryzen,6.0,8.0,16.0,16,ddr5,SSD,1024.0,141.2119980822,Windows 11,1.0
hp,90990,63.0,Intel,i7,12.0,10.0,16.0,16,ddr4,SSD,512.0,141.2119980822,Windows 11,1.0
lenovo,66489,71.0,AMD,ryzen,5.0,6.0,8.0,8,ddr4,SSD,512.0,141.2119980822,Windows 11,1.0
lenovo,89990,74.0,Intel,i5,12.0,8.0,16.0,16,ddr4,SSD,512.0,141.2119980822,Windows 11,1.0
lenovo,62390,,Intel,i5,12.0,10.0,8.0,8,ram,SSD,512.0,141.2119980822,Windows 11,1.0
dell,300490,,Intel,i7,12.0,14.0,32.0,32,lpddr5,SSD,1024.0,127.3356745712,Windows 11,1.0
others,374990,72.0,Intel,i5,11.0,4.0,8.0,8,ddr4,SSD,512.0,,Windows 11,
hp,54750,72.0,AMD,ryzen,5.0,6.0,8.0,8,ddr4,SSD,512.0,141.2119980822,Windows 11,1.0
hp,29997,,AMD,ryzen,3.0,2.0,8.0,8,ddr4,SSD,256.0,100.4546698611,Windows 11,1.0
asus,40990,,Intel,i3,12.0,10.0,8.0,8,ddr4,SSD,256.0,141.2119980822,Windows 11,1.0
acer,58990,68.0,AMD,ryzen,5.0,6.0,16.0,16,ddr4,SSD,512.0,141.2119980822,Windows 11,1.0
asus,72990,63.0,AMD,ryzen,5.0,6.0,16.0,16,ddr4,SSD,512.0,161.7253908353,Windows 11,1.0
dell,72500,61.0,AMD,ryzen,5.0,8.0,16.0,16,ddr4,SSD,512.0,141.5097169808,Windows 11,1.0
others,59990,62.0,Intel,i5,11.0,4.0,16.0,16,lpddr4x,SSD,512.0,165.6321180513,Windows 11,1.0
lenovo,71990,67.0,AMD,ryzen,5.0,8.0,8.0,8,ddr4,SSD,512.0,141.2119980822,Windows 11,1.0
lenovo,64990,72.0,Intel,i5,11.0,4.0,8.0,8,ddr4,Hard Disk,1024.0,141.2119980822,Windows 11,
hp,89990,61.0,Intel,i7,12.0,10.0,8.0,8,ddr4,SSD,512.0,141.2119980822,Windows 11,1.0
dell,57990,67.0,AMD,ryzen,5.0,8.0,8.0,8,ddr4,SSD,512.0,141.2119980822,Windows 11,1.0
dell,52290,67.0,AMD,ryzen,5.0,6.0,8.0,8,ddr4,SSD,512.0,157.3505121487,Windows 11,1.0
acer,40990,,Intel,i3,12.0,6.0,8.0,8,ddr4,SSD,512.0,141.2119980822,Windows 11,1.0
lenovo,109990,76.0,AMD,ryzen,5.0,8.0,16.0,16,ddr4,SSD,512.0,141.2119980822,Windows 11,1.0
asus,396990,,AMD,ryzen,6.0,8.0,32.0,32,ddr5,SSD,2048.0,283.0194339617,Windows 11,1.0
asus,171990,82.0,AMD,ryzen,6.0,8.0,16.0,16,ddr5,SSD,1024.0,188.6796226411,Windows 11,1.0
hp,83999,61.0,Intel,i7,12.0,10.0,16.0,16,ddr4,SSD,512.0,157.3505121487,Windows 11,1.0
dell,87500,,Intel,i5,12.0,10.0,8.0,8,ddr4,SSD,512.0,141.5097169808,Windows 11,1.0
hp,72990,60.0,Intel,i5,12.0,10.0,16.0,16,ddr4,SSD,512.0,157.3505121487,Windows 11,1.0
asus,89299,65.0,Intel,i5,12.0,12.0,16.0,16,lpddr5,SSD,512.0,242.5880862529,Windows 11,1.0
asus,134990,75.0,Intel,i7,12.0,14.0,16.0,16,lpddr5,SSD,512.0,242.5880862529,Windows 11,1.0
asus,79990,71.0,Intel,i5,12.0,12.0,16.0,16,ddr4,SSD,512.0,161.7253908353,Windows 11,1.0
lenovo,64990,63.0,Intel,i5,11.0,4.0,8.0,8,ddr4,SSD,512.0,141.2119980822,Windows 11,1.0
asus,49490,61.0,Intel,i5,10.0,4.0,16.0,16,ddr4,SSD,512.0,157.3505121487,Windows 11,1.0
hp,61499,62.0,AMD,ryzen,5.0,8.0,16.0,16,ddr4,SSD,512.0,157.3505121487,Windows 11,1.0
hp,50499,61.0,AMD,ryzen,5.0,6.0,16.0,16,ddr4,SSD,512.0,157.3505121487,Windows 11,1.0
dell,69160,,Intel,i5,12.0,12.0,8.0,8,ddr4,SSD,512.0,137.6816981301,Windows 11,1.0
hp,66490,72.0,AMD,ryzen,5.0,6.0,8.0,8,ddr4,SSD,512.0,136.8265323032,Windows 11,1.0
dell,169990,76.0,Intel,i7,12.0,14.0,16.0,16,lpddr5,SSD,512.0,141.2119980822,Windows 11,1.0
others,93490,71.0,Intel,i7,12.0,12.0,16.0,16,lpddr5,SSD,512.0,161.7253908353,Windows 11,1.0
asus,77990,68.0,AMD,ryzen,4.0,8.0,16.0,16,ddr4,SSD,512.0,141.2119980822,Windows 11,1.0
others,119990,74.0,Intel,i7,12.0,12.0,16.0,16,lpddr5,SSD,1024.0,177.5808213093,Windows 11,1.0
dell,74990,65.0,AMD,ryzen,6.0,6.0,16.0,16,ddr5,SSD,512.0,141.2119980822,Windows,1.0
hp,128249,74.0,Intel,i7,12.0,10.0,16.0,16,lpddr4x,SSD,512.0,267.0778722566,Windows 11,1.0
hp,99990,78.0,AMD,ryzen,6.0,8.0,16.0,16,ddr5,SSD,512.0,136.8265323032,Windows 11,1.0
acer,62999,74.0,Intel,i5,11.0,6.0,8.0,8,ddr4,Hard Disk,1024.0,,Windows 11,
acer,45990,,Intel,i3,11.0,2.0,8.0,8,ddr4,SSD,512.0,157.3505121487,Windows 11,1.0
acer,51990,63.0,Intel,i5,11.0,4.0,8.0,8,ddr4,SSD,512.0,157.3505121487,Windows 11,1.0
lenovo,68990,72.0,Intel,i5,11.0,4.0,16.0,16,ddr4,Hard Disk,1024.0,141.2119980822,Windows 11,
acer,99990,79.0,AMD,ryzen,5.0,6.0,16.0,16,ddr4,Hard Disk,1024.0,188.2826641096,Windows 11,
asus,85500,63.0,Intel,i7,12.0,14.0,16.0,16,ddr4,SSD,512.0,141.2119980822,Windows 11,1.0
dell,88490,61.0,Intel,i5,12.0,10.0,16.0,16,ddr4,SSD,512.0,141.5097169808,Windows 11,1.0
lenovo,39500,,AMD,ryzen,5.0,4.0,8.0,8,ddr4,SSD,256.0,141.2119980822,Windows 11,1.0
asus,91500,68.0,Intel,i7,12.0,10.0,16.0,16,ddr5,SSD,512.0,141.2119980822,Windows 11,1.0
asus,149400,74.0,Intel,i7,12.0,10.0,16.0,16,ddr5,SSD,1024.0,188.2826641096,Windows 11,1.0
acer,46990,,Intel,i5,11.0,4.0,8.0,8,ddr4,SSD,512.0,141.2119980822,Windows 11,1.0
others,37990,,Intel,i5,10.0,4.0,8.0,8,lpddr4x,SSD,512.0,157.3505121487,Windows 11,1.0
asus,118990,76.0,Intel,i7,12.0,14.0,16.0,16,ddr5,SSD,1024.0,141.2119980822,Windows 11,1.0
dell,245000,,Intel,i7,12.0,14.0,32.0,32,ddr5,SSD,1024.0,282.4239961644,Windows 11,1.0
dell,38890,,AMD,ryzen,3.0,2.0,8.0,8,ddr4,SSD,256.0,141.2119980822,Windows 11,1.0
asus,88990,67.0,AMD,ryzen,6.0,8.0,16.0,16,ddr4,SSD,512.0,127.3356745712,Windows 10,1.0
asus,51990,62.0,Intel,i5,11.0,4.0,8.0,8,ddr4,SSD,512.0,141.2119980822,Windows 11,1.0
lenovo,53990,66.0,AMD,ryzen,5.0,6.0,16.0,16,ddr4,SSD,512.0,141.2119980822,Windows 11,1.0
msi,90256,67.0,Intel,i5,12.0,12.0,16.0,16,ddr4,SSD,1024.0,141.2119980822,Windows 11,2.0
msi,64250,71.0,Intel,i5,11.0,6.0,8.0,8,ddr4,SSD,512.0,141.2119980822,Windows 10,2.0
apple,116990,,Apple,m2,,8.0,8.0,8,ram,SSD,256.0,226.9830046811,Mac,1.0
acer,119409,78.0,Intel,i9,11.0,8.0,16.0,16,ddr4,SSD,1024.0,188.2826641096,Windows 11,1.0
hp,77990,65.0,AMD,ryzen,5.0,6.0,8.0,8,ddr4,SSD,512.0,165.6321180513,Windows 11,1.0
hp,60700,,Intel,i5,12.0,10.0,8.0,8,ddr4,SSD,512.0,141.2119980822,Windows 11,1.0
others,69990,,Intel,i5,12.0,10.0,16.0,16,lpddr4x,SSD,512.0,141.2119980822,Windows 11,1.0
asus,53500,61.0,Intel,i5,11.0,4.0,8.0,8,ddr4,SSD,512.0,141.2119980822,Windows 11,1.0
asus,124990,82.0,AMD,ryzen,6.0,8.0,16.0,16,ddr5,SSD,1024.0,188.2826641096,Windows 11,1.0
lenovo,63990,67.0,Intel,i5,10.0,4.0,8.0,8,ddr4,SSD,512.0,141.2119980822,Windows 10,1.0
asus,84700,71.0,Intel,i7,12.0,14.0,16.0,16,ddr4,SSD,512.0,141.2119980822,Windows 11,1.0
asus,159990,78.0,Intel,i9,12.0,14.0,32.0,32,lpddr5,SSD,1024.0,242.5880862529,Windows 11,1.0
asus,86890,,AMD,ryzen,4.0,8.0,16.0,16,ddr4,SSD,512.0,141.2119980822,Windows 11,1.0
others,54990,63.0,Intel,i5,11.0,4.0,16.0,16,ddr4,SSD,512.0,165.6321180513,Windows 11,1.0
dell,67990,67.0,Intel,i5,11.0,6.0,8.0,8,ddr4,SSD,512.0,141.2119980822,Windows 11,1.0
hp,63990,60.0,AMD,ryzen,5.0,6.0,16.0,16,ddr4,SSD,512.0,157.3505121487,Windows 11,1.0
asus,41990,,Intel,i5,10.0,4.0,8.0,8,ddr4,Hard Disk,1024.0,157.3505121487,Windows 11,1.0
hp,77200,,AMD,ryzen,5.0,8.0,16.0,16,ddr4,SSD,512.0,157.3505121487,Windows 11,1.0
hp,59490,62.0,Intel,i5,11.0,4.0,8.0,8,ddr4,SSD,512.0,141.2119980822,Windows 11,1.0
asus,29250,,Intel,celeron,,2.0,4.0,4,ddr4,SSD,128.0,135.0942111926,Windows 11,1.0
acer,57513,65.0,Intel,i5,11.0,6.0,8.0,8,ddr4,SSD,512.0,141.2119980822,Windows 11,1.0
asus,41999,,Intel,i5,10.0,4.0,8.0,8,ddr4,SSD,256.0,141.2119980822,Windows 10,1.0
hp,165999,74.0,Intel,i7,8.0,4.0,16.0,16,ddr4,SSD,1024.0,165.6321180513,Windows 10,
dell,80100,63.0,Intel,i5,11.0,4.0,8.0,8,ddr4,Hard Disk,1024.0,,Windows 10,
lenovo,58490,,Intel,i3,11.0,2.0,8.0,8,ddr4,SSD,512.0,157.3505121487,Windows 11,1.0
asus,98400,74.0,Intel,i7,12.0,8.0,16.0,16,ddr5,SSD,512.0,141.2119980822,Windows 11,1.0
dell,43990,,Intel,i3,11.0,2.0,8.0,8,ddr4,SSD,512.0,141.2119980822,Windows 11,1.0
hp,62510,,AMD,ryzen,5.0,6.0,16.0,16,ddr4,SSD,512.0,141.2119980822,Windows 11,1.0
lenovo,73990,68.0,AMD,ryzen,5.0,8.0,16.0,16,ddr4,SSD,512.0,141.2119980822,Windows 11,1.0
dell,71990,66.0,AMD,ryzen,5.0,6.0,16.0,16,ddr4,SSD,512.0,141.2119980822,Windows 11,1.0
asus,47990,62.0,AMD,ryzen,,4.0,16.0,16,ddr4,SSD,512.0,157.3505121487,Windows 11,1.0
lenovo,39990,,Intel,i3,11.0,2.0,8.0,8,ddr4,SSD,512.0,141.2119980822,Windows 11,1.0
asus,46520,,AMD,ryzen,3.0,4.0,8.0,8,ddr4,SSD,512.0,141.2119980822,Windows 11,1.0
asus,32890,,AMD,ryzen,3.0,2.0,8.0,8,ddr4,SSD,256.0,141.2119980822,Windows 11,1.0
asus,58000,66.0,Intel,i5,10.0,4.0,8.0,8,ddr4,SSD,512.0,141.2119980822,Windows 11,1.0
hp,60618,,Intel,i5,11.0,4.0,8.0,8,ddr4,SSD,512.0,111.9352035596,Windows 10,1.0
asus,23699,,Intel,celeron,,2.0,4.0,4,ram,SSD,256.0,157.3505121487,Windows 11,1.0
lenovo,41279,,Intel,i3,11.0,2.0,8.0,8,ddr4,SSD,512.0,141.2119980822,Windows 11,1.0
asus,63990,,Intel,i5,10.0,4.0,8.0,8,ram,SSD,1024.0,141.2119980822,Windows 11,1.0
hp,45600,60.0,Intel,i3,11.0,4.0,8.0,8,ddr4,SSD,512.0,157.3505121487,Windows 10,1.0
lenovo,31990,,Intel,i3,10.0,2.0,8.0,8,ddr4,Hard Disk,1024.0,141.2119980822,Windows 11,1.0
asus,45990,,Intel,i5,,4.0,8.0,8,ram,SSD,512.0,157.3505121487,Windows 11,1.0
hp,41999,,Intel,i3,11.0,2.0,8.0,8,ddr4,SSD,512.0,100.4546698611,Windows 11,1.0
others,94990,67.0,Intel,i5,12.0,10.0,16.0,16,ram,SSD,512.0,165.6321180513,Windows 11,1.0
others,93990,69.0,Intel,i5,12.0,12.0,16.0,16,lpddr5,SSD,512.0,165.6321180513,Windows 11,1.0
others,103990,68.0,Intel,i7,12.0,8.0,16.0,16,ram,SSD,512.0,165.6321180513,Windows 11,1.0
others,119990,69.0,Intel,i7,12.0,8.0,16.0,16,lpddr5,SSD,512.0,141.2119980822,Windows 11,1.0
asus,107990,75.0,AMD,ryzen,6.0,8.0,16.0,16,ddr5,SSD,1024.0,141.2119980822,Windows 11,1.0
asus,58990,61.0,AMD,ryzen,5.0,6.0,16.0,16,ddr4,SSD,512.0,141.2119980822,Windows 11,1.0
dell,42490,61.0,Intel,i3,10.0,2.0,8.0,8,ddr4,Hard Disk,1024.0,141.2119980822,Windows 11,
asus,18990,,Intel,celeron,,2.0,4.0,4,ddr4,Hard Disk,,,Windows 11,
lenovo,85500,66.0,Intel,i7,11.0,4.0,16.0,16,ddr4,SSD,512.0,157.3505121487,Windows 11,1.0
asus,89990,63.0,Intel,i7,11.0,4.0,16.0,16,lpddr4x,SSD,1024.0,157.3505121487,Windows 11,1.0
lenovo,58990,68.0,Intel,i5,11.0,4.0,16.0,16,ddr4,SSD,512.0,141.2119980822,Windows 11,1.0
hp,51890,,Intel,i5,11.0,4.0,8.0,8,ddr4,SSD,512.0,141.2119980822,Windows 11,1.0
asus,39490,,Intel,i3,11.0,4.0,8.0,8,ddr4,SSD,512.0,156.2345510697,Windows 11,1.0
hp,42250,,Intel,i3,11.0,4.0,8.0,8,ddr4,SSD,512.0,141.2119980822,Windows 11,1.0
hp,25400,,Intel,celeron,,2.0,8.0,8,ddr4,SSD,256.0,111.9352035596,Windows 11,1.0
dell,57299,,Intel,i5,11.0,4.0,8.0,8,ddr4,SSD,256.0,141.2119980822,Windows 11,1.0
msi,275990,79.0,Intel,i7,12.0,14.0,32.0,32,ddr5,SSD,1024.0,188.2826641096,Windows 11,2.0
msi,129990,75.0,AMD,ryzen,5.0,8.0,16.0,16,ddr4,SSD,1024.0,141.2119980822,Windows 11,1.0
asus,63600,,Intel,i5,11.0,4.0,8.0,8,lpddr4x,SSD,512.0,157.3505121487,Windows 11,1.0
hp,27949,,AMD,ryzen,3.0,2.0,8.0,8,ddr4,SSD,512.0,111.9352035596,Windows 11,1.0
hp,59999,63.0,Intel,i5,11.0,4.0,8.0,8,ddr4,SSD,512.0,141.2119980822,Windows 10,1.0
dell,58490,,Intel,i5,11.0,4.0,16.0,16,ddr4,SSD,512.0,141.2119980822,Windows 10,1.0
others,54990,,Intel,i5,11.0,4.0,16.0,16,ram,SSD,512.0,,Windows 11,
lenovo,37490,,Intel,i3,11.0,,8.0,8,ddr4,SSD,256.0,,Windows 11,2.0
lenovo,36990,,Intel,i3,11.0,4.0,8.0,8,ddr4,SSD,256.0,141.2119980822,Windows,1.0
hp,39999,,others,others,,8.0,8.0,8,lpddr4x,Hard Disk,,,Chrome,
hp,60000,60.0,Intel,i5,11.0,4.0,8.0,8,ddr4,SSD,512.0,141.2119980822,Windows 11,1.0
lenovo,40490,,Intel,i3,11.0,2.0,8.0,8,ddr4,SSD,512.0,157.3505121487,Windows 11,1.0
dell,36400,,AMD,ryzen,3.0,2.0,8.0,8,ddr4,Hard Disk,1024.0,157.3505121487,Windows 11,
asus,25780,,Intel,celeron,,2.0,4.0,4,ram,Hard Disk,1024.0,100.4546698611,Windows 11,1.0
dell,77499,60.0,Intel,i5,10.0,4.0,8.0,8,ddr4,SSD,256.0,157.3505121487,Windows 10,1.0
dell,41490,,Intel,i3,11.0,2.0,8.0,8,ddr4,Hard Disk,1024.0,,Windows,
hp,60990,,Intel,i5,11.0,4.0,8.0,8,ddr4,SSD,512.0,141.2119980822,Windows 11,1.0
hp,70527,63.0,AMD,ryzen,5.0,6.0,8.0,8,ddr4,SSD,512.0,141.2119980822,Windows 11,1.0
lenovo,53100,63.0,Intel,i5,10.0,4.0,8.0,8,ddr4,SSD,512.0,141.2119980822,Windows 11,1.0
asus,86490,66.0,AMD,ryzen,5.0,8.0,16.0,16,ddr4,SSD,1024.0,141.2119980822,Windows 10,1.0
lenovo,72990,65.0,AMD,ryzen,5.0,8.0,16.0,16,ddr4,SSD,512.0,141.2119980822,Windows 11,1.0
asus,18990,,Intel,celeron,,2.0,4.0,4,lpddr4,Hard Disk,64.0,135.0942111926,Chrome,1.0
asus,113935,65.0,Intel,i7,11.0,4.0,16.0,16,ddr4,SSD,1024.0,141.2119980822,Windows 10,1.0
lenovo,50990,65.0,AMD,ryzen,5.0,6.0,8.0,8,ddr4,SSD,512.0,157.3505121487,Windows 11,1.0
dell,52990,61.0,AMD,ryzen,3.0,4.0,8.0,8,ddr4,Hard Disk,1024.0,141.2119980822,Windows 10,
asus,32990,,Intel,i3,10.0,2.0,8.0,8,ddr4,SSD,512.0,141.2119980822,Windows,1.0
lenovo,38490,60.0,AMD,ryzen,5.0,6.0,8.0,8,ddr4,SSD,512.0,141.2119980822,Windows 11,1.0
asus,49990,,Intel,i5,10.0,4.0,8.0,8,ddr4,SSD,512.0,141.2119980822,Windows 11,1.0
others,53600,,Intel,pentium,,2.0,8.0,8,lpddr3,SSD,128.0,219.7669348854,Windows 11,1.0
hp,40890,,Intel,i3,11.0,4.0,8.0,8,ddr4,SSD,512.0,100.4546698611,Windows 11,1.0
lenovo,78500,68.0,AMD,ryzen,5.0,6.0,8.0,8,ddr4,SSD,512.0,141.2119980822,Windows 11,1.0
apple,213894,,Apple,m1,,10.0,16.0,16,unified,SSD,1024.0,253.9303426627,Mac,1.0
lenovo,31500,,Intel,i3,11.0,2.0,4.0,4,ddr4,SSD,256.0,146.8604780055,DOS,1.0
lenovo,21999,,Intel,celeron,,2.0,4.0,4,ddr4,Hard Disk,1024.0,141.2119980822,DOS,1.0
lenovo,213900,61.0,Intel,i7,11.0,4.0,16.0,16,ram,SSD,512.0,157.3505121487,Windows 10,1.0
dell,88000,,Intel,i7,11.0,4.0,8.0,8,ddr4,SSD,512.0,157.3505121487,Windows 10,1.0
dell,55990,,Intel,i5,11.0,4.0,8.0,8,ddr4,SSD,512.0,141.2119980822,Windows 10,1.0
lenovo,39527,,AMD,ryzen,3.0,4.0,8.0,8,ddr4,Hard Disk,512.0,141.2119980822,Windows 10,1.0
others,23990,,AMD,others,,2.0,8.0,8,ddr4,SSD,256.0,111.9352035596,Windows 10,0.5
others,17990,,AMD,others,,2.0,4.0,4,ddr4,SSD,128.0,111.9352035596,Windows 10,2.0
lenovo,128900,63.0,Intel,i7,11.0,8.0,16.0,16,ddr4,SSD,1024.0,183.5755975069,Windows 11,1.0
others,47990,,Intel,i5,11.0,4.0,8.0,8,ddr4,SSD,512.0,156.2345510697,Windows,1.0
dell,43699,,AMD,ryzen,3.0,4.0,8.0,8,ddr4,SSD,256.0,141.2119980822,Windows 10,1.0
dell,92000,73.0,Intel,i7,11.0,8.0,16.0,16,ddr4,SSD,512.0,141.2119980822,Windows 10,1.0
asus,37500,,AMD,ryzen,3.0,2.0,8.0,8,ddr4,SSD,256.0,141.2119980822,Windows 10,1.0
dell,41350,,Intel,i3,11.0,2.0,8.0,8,ddr4,SSD,256.0,141.2119980822,Windows 10,1.0
dell,48494,,Intel,i5,11.0,4.0,8.0,8,ddr4,SSD,256.0,141.2119980822,Windows 10,1.0
msi,59990,62.0,Intel,i5,10.0,,8.0,8,ddr4,SSD,512.0,,Windows 10,2.0
lenovo,16890,,Intel,celeron,,2.0,4.0,4,lpddr4,Hard Disk,,,Chrome,1.0
lenovo,148000,60.0,Intel,i7,11.0,4.0,16.0,16,ram,SSD,512.0,157.3505121487,Windows 10,1.0
lenovo,78990,66.0,Intel,i5,11.0,4.0,8.0,8,ddr4,SSD,512.0,141.2119980822,Windows 10,1.0
hp,33990,,Intel,i3,11.0,2.0,8.0,8,ram,Hard Disk,1024.0,111.9352035596,Windows 10,1.0
lenovo,61990,67.0,Intel,i5,10.0,4.0,8.0,8,ddr4,SSD,512.0,141.2119980822,Windows 10,1.0
hp,62990,73.0,AMD,ryzen,4.0,6.0,8.0,8,ddr4,Hard Disk,1024.0,141.2119980822,Windows 10,
hp,66400,63.0,AMD,ryzen,5.0,6.0,16.0,16,ddr4,SSD,512.0,141.2119980822,Windows 10,1.0
hp,154990,79.0,Intel,i7,10.0,8.0,16.0,16,ddr4,SSD,1024.0,141.2119980822,Windows 10,1.0
dell,40289,,Intel,i3,11.0,2.0,8.0,8,ddr4,SSD,256.0,157.3505121487,Windows 10,1.0
dell,58000,68.0,Intel,i5,11.0,4.0,8.0,8,ddr4,Hard Disk,1024.0,157.3505121487,Windows 10,
asus,75490,69.0,AMD,ryzen,4.0,8.0,8.0,8,ddr4,SSD,512.0,141.2119980822,Windows 10,1.0
lenovo,81855,,Intel,i5,11.0,4.0,8.0,8,ram,SSD,512.0,169.4543976986,Windows 10,1.0
dell,54990,67.0,AMD,ryzen,5.0,6.0,8.0,8,ddr4,SSD,512.0,157.3505121487,Windows 10,1.0
dell,69890,68.0,Intel,i5,11.0,4.0,16.0,16,ddr4,SSD,512.0,157.3505121487,Windows 10,1.0
dell,69990,73.0,Intel,i5,11.0,4.0,16.0,16,ddr4,SSD,512.0,141.2119980822,Windows 10,1.0
asus,84990,73.0,Intel,i5,11.0,4.0,16.0,16,ddr4,SSD,1024.0,141.2119980822,Windows 10,1.0
hp,56700,71.0,AMD,ryzen,4.0,6.0,8.0,8,ddr4,SSD,512.0,141.2119980822,Windows 10,1.0
dell,96890,73.0,Intel,i7,11.0,4.0,16.0,16,ddr4,SSD,512.0,157.3505121487,Windows 10,1.0
hp,36599,,Intel,i3,11.0,2.0,8.0,8,ram,SSD,512.0,100.4546698611,Windows 10,1.0
lenovo,62990,67.0,Intel,i5,10.0,4.0,8.0,8,ddr4,SSD,512.0,141.2119980822,Windows 10,1.0
msi,63990,74.0,Intel,i7,10.0,6.0,8.0,8,ddr4,Hard Disk,1024.0,141.2119980822,Windows 10,
dell,42990,,Intel,i3,11.0,,8.0,8,ddr4,Hard Disk,1024.0,,Windows 10,
asus,65800,68.0,Intel,i5,10.0,4.0,8.0,8,ddr4,SSD,512.0,141.2119980822,Windows 10,1.0
dell,45990,,Intel,i3,11.0,2.0,4.0,4,ddr4,SSD,512.0,141.2119980822,Windows 10,1.0
asus,63800,60.0,Intel,i5,11.0,4.0,8.0,8,ddr4,SSD,512.0,141.2119980822,Windows 10,1.0
dell,72000,,Intel,i5,10.0,4.0,8.0,8,ram,SSD,512.0,165.6321180513,Windows 10,1.0
hp,46900,,AMD,ryzen,5.0,4.0,8.0,8,ddr4,SSD,512.0,157.3505121487,Windows 10,1.0
acer,91490,62.0,AMD,ryzen,5.0,6.0,16.0,16,ddr4,Hard Disk,1024.0,141.2119980822,Windows 10,
hp,39999,,Intel,i3,11.0,2.0,8.0,8,ddr4,SSD,256.0,157.3505121487,Windows 10,1.0
dell,30490,,AMD,athlon,,2.0,4.0,4,ddr4,SSD,256.0,111.9352035596,Windows 10,1.0
lenovo,26990,,Intel,celeron,,2.0,4.0,4,ddr4,SSD,256.0,100.4546698611,Windows 10,1.0
hp,53994,61.0,Intel,i5,11.0,4.0,8.0,8,ddr4,Hard Disk,1024.0,141.2119980822,Windows 10,1.0
others,38499,60.0,AMD,ryzen,3.0,4.0,8.0,8,ddr4,SSD,512.0,141.2119980822,Windows 10,2.0
hp,37550,,AMD,ryzen,3.0,2.0,8.0,8,ddr4,Hard Disk,1024.0,141.2119980822,Windows 10,1.0
lenovo,58700,,Intel,i7,11.0,4.0,8.0,8,ram,SSD,256.0,188.6796226411,Windows 10,1.0
others,39999,,Intel,celeron,5.0,2.0,4.0,4,ram,Hard Disk,64.0,165.6321180513,Chrome,
dell,49690,,AMD,ryzen,3.0,4.0,8.0,8,ddr4,SSD,512.0,157.3505121487,Windows 10,
acer,42350,,AMD,ryzen,3.0,4.0,8.0,8,ddr4,SSD,512.0,100.4546698611,Windows 10,1.0
dell,71500,65.0,Intel,i5,11.0,4.0,8.0,8,ddr4,SSD,512.0,157.3505121487,Windows 10,1.0
dell,68999,,Intel,i5,11.0,4.0,8.0,8,ddr4,SSD,512.0,141.2119980822,Windows 10,
dell,38000,,Intel,i3,10.0,2.0,8.0,8,ddr4,Hard Disk,1024.0,141.2119980822,Windows 10,1.0
asus,22490,,Intel,celeron,,2.0,4.0,4,ddr4,Hard Disk,1024.0,100.4546698611,Windows 10,1.0
dell,39880,60.0,AMD,ryzen,3.0,2.0,4.0,4,ddr4,Hard Disk,1024.0,141.2119980822,Windows 10,
others,55990,62.0,Intel,i5,10.0,4.0,8.0,8,ddr4,SSD,256.0,141.2119980822,Windows 10,3.0
dell,44700,,Intel,i3,10.0,2.0,4.0,4,ddr4,Hard Disk,1024.0,111.9352035596,others,1.0
dell,33990,,Intel,i3,10.0,2.0,4.0,4,ddr4,Hard Disk,1024.0,111.9352035596,Windows 10,1.0
dell,79680,75.0,AMD,ryzen,4.0,8.0,16.0,16,ddr4,SSD,512.0,141.2119980822,Windows 10,1.0
dell,49990,61.0,AMD,ryzen,3.0,4.0,8.0,8,ddr4,SSD,512.0,141.2119980822,Windows 10,1.0
asus,62999,63.0,Intel,i7,10.0,4.0,8.0,8,ddr4,SSD,512.0,157.3505121487,Windows 10,
hp,53900,,Intel,i5,10.0,4.0,8.0,8,ddr4,SSD,512.0,111.9352035596,Windows 10,1.0
dell,36990,,Intel,i3,10.0,2.0,4.0,4,ddr4,Hard Disk,1024.0,141.2119980822,Windows 10,1.0
lenovo,79000,66.0,Intel,i5,10.0,4.0,8.0,8,ddr4,Hard Disk,1024.0,157.3505121487,Windows 10,1.0
others,117998,,others,others,,,8.0,8,lpddr4x,SSD,128.0,,Windows 10,
others,38999,,AMD,ryzen,3.0,4.0,8.0,8,ddr4,SSD,512.0,157.3505121487,Windows 10,1.0
others,83999,,Intel,others,,,8.0,8,lpddr4x,Hard Disk,256.0,,Windows 10,
apple,109999,,Intel,i7,10.0,4.0,8.0,8,lpddr4x,SSD,512.0,226.9830046811,others,
dell,57150,,Intel,i5,10.0,4.0,8.0,8,ddr4,Hard Disk,1024.0,157.3505121487,Windows 10,1.0
hp,149999,,Intel,i7,10.0,,16.0,16,ram,SSD,1024.0,,Windows 10,1.0
lenovo,108999,,others,others,,4.0,8.0,8,ram,SSD,512.0,157.3505121487,Windows 10,1.0
dell,149000,,others,others,10.0,4.0,8.0,8,lpddr3,SSD,512.0,146.8604780055,Windows 10,
others,54999,,Intel,i5,8.0,4.0,8.0,8,ddr4,SSD,512.0,136.8265323032,Windows 10,
asus,34990,61.0,Intel,i3,8.0,4.0,4.0,4,ddr4,Hard Disk,1024.0,141.2119980822,Windows 10,
asus,349999,,Intel,i9,8.0,6.0,64.0,64,ddr4,SSD,512.0,127.3356745712,Windows 10,
dell,84999,78.0,Intel,i7,8.0,6.0,16.0,16,ddr4,Hard Disk,1024.0,262.5545871673,Windows 10,
others,127999,81.0,Intel,i7,8.0,6.0,16.0,16,ddr4,Hard Disk,2048.0,141.2119980822,Windows 10,
dell,56990,65.0,Intel,i5,8.0,4.0,8.0,8,ddr4,Hard Disk,1024.0,157.3505121487,Windows 10,1.0
apple,199900,,Intel,,,4.0,8.0,8,ddr3,SSD,512.0,226.9830046811,others,1.0
apple,165900,,Intel,,,2.0,8.0,8,ddr3,SSD,256.0,226.9830046811,others,1.0
others,58990,,Intel,i3,4.0,2.0,4.0,4,ddr3,SSD,128.0,216.3330765278,Windows 10,
hp,25999,,AMD,athlon,3.0,2.0,8.0,8,ddr4,Hard Disk,1024.0,111.9352035596,Windows 11,1.0
hp,40490,,AMD,ryzen,5.0,4.0,8.0,8,ddr4,SSD,256.0,141.2119980822,Windows 11,1.0
lenovo,33990,,Intel,i3,11.0,2.0,8.0,8,ddr4,SSD,512.0,141.2119980822,Windows 11,1.0
asus,39400,,Intel,i3,11.0,2.0,8.0,8,ddr4,SSD,512.0,141.2119980822,Windows 11,1.0
asus,169990,86.0,Intel,i7,12.0,10.0,16.0,16,ddr5,SSD,1024.0,283.0194339617,Windows 11,1.0
hp,77283,72.0,Intel,i5,11.0,6.0,8.0,8,ddr4,SSD,512.0,136.8265323032,Windows 11,1.0
hp,70816,68.0,AMD,ryzen,5.0,6.0,8.0,8,ddr4,SSD,512.0,141.2119980822,Windows 11,1.0
hp,80612,74.0,Intel,i5,11.0,6.0,16.0,16,ddr4,SSD,512.0,136.8265323032,Windows 11,1.0
hp,99814,73.0,AMD,ryzen,5.0,6.0,16.0,16,ddr4,SSD,512.0,136.8265323032,Windows 11,1.0
msi,105000,76.0,Intel,i7,12.0,14.0,16.0,16,ddr4,SSD,512.0,141.2119980822,Windows 11,2.0
msi,209000,80.0,Intel,i9,12.0,14.0,16.0,16,ddr5,SSD,1024.0,188.2826641096,Windows 11,2.0
hp,73999,72.0,AMD,ryzen,5.0,8.0,16.0,16,ddr4,SSD,512.0,111.9352035596,Windows 11,1.0
hp,85490,71.0,Intel,i5,12.0,12.0,16.0,16,ddr4,SSD,512.0,242.5880862529,Windows 11,1.0
lenovo,359990,,Intel,i9,12.0,,32.0,32,ddr5,SSD,1024.0,188.6796226411,Windows 11,1.0
dell,45990,,Intel,i3,11.0,2.0,8.0,8,ddr4,SSD,512.0,141.5750109307,Windows 11,1.0
dell,50852,61.0,AMD,ryzen,5.0,4.0,8.0,8,ddr4,SSD,256.0,157.3505121487,Windows 11,1.0
dell,91958,68.0,Intel,i5,12.0,12.0,16.0,16,ddr4,SSD,512.0,157.3505121487,Windows 11,1.0
dell,61050,61.0,Intel,i5,12.0,10.0,8.0,8,ddr4,SSD,512.0,141.2119980822,Windows 11,1.0
dell,69900,61.0,Intel,i5,12.0,10.0,16.0,16,ddr4,SSD,512.0,157.3505121487,Windows 11,1.0
dell,72990,67.0,Intel,i5,12.0,10.0,8.0,8,ddr4,Hard Disk,1024.0,141.2119980822,Windows 11,
hp,59990,61.0,AMD,ryzen,5.0,6.0,16.0,16,ddr4,SSD,512.0,157.3505121487,Windows 11,1.0
hp,75990,63.0,Intel,i5,12.0,12.0,16.0,16,ddr4,SSD,512.0,141.2119980822,Windows 11,1.0
hp,98000,72.0,AMD,ryzen,5.0,8.0,16.0,16,ddr4,SSD,512.0,165.6321180513,Windows 11,1.0
dell,60070,,Intel,i5,12.0,10.0,8.0,8,ddr4,SSD,512.0,141.2119980822,Windows 11,1.0
dell,57990,,Intel,i5,12.0,10.0,8.0,8,ddr4,SSD,512.0,157.3505121487,Windows 11,1.0
dell,55530,62.0,AMD,ryzen,5.0,6.0,16.0,16,ddr4,SSD,512.0,141.2119980822,Windows 11,1.0
asus,211990,85.0,AMD,ryzen,6.0,8.0,16.0,16,ddr5,SSD,1024.0,188.2826641096,Windows 11,1.0
lenovo,159999,79.0,Intel,i7,11.0,8.0,16.0,16,ddr4,SSD,1024.0,141.2119980822,Windows 11,1.0
hp,35000,,Intel,i3,11.0,2.0,8.0,8,ddr4,SSD,512.0,111.9352035596,DOS,1.0
lenovo,72690,69.0,AMD,ryzen,5.0,6.0,16.0,16,lpddr4x,SSD,512.0,161.7253908353,Windows 11,1.0
lenovo,49999,,Intel,i5,11.0,4.0,8.0,8,ram,SSD,512.0,157.3505121487,Windows 11,1.0
asus,95990,69.0,Intel,i5,12.0,12.0,16.0,16,lpddr5,SSD,512.0,242.5880862529,Windows 11,1.0
others,17990,,Intel,celeron,,2.0,4.0,4,ddr4,SSD,128.0,156.2345510697,DOS,1.0
others,23990,,Intel,celeron,,2.0,4.0,4,ddr4,SSD,256.0,141.2119980822,Windows 11,1.0
lenovo,149990,84.0,Intel,i7,12.0,14.0,16.0,16,ddr5,SSD,1024.0,188.6796226411,Windows 11,1.0
hp,61500,65.0,AMD,ryzen,5.0,6.0,8.0,8,ddr4,SSD,512.0,165.6321180513,Windows 11,1.0
dell,98280,,Intel,i5,11.0,4.0,16.0,16,ddr4,SSD,512.0,157.3505121487,Windows 10,3.0
lenovo,58018,63.0,Intel,i5,11.0,4.0,16.0,16,ddr4,SSD,512.0,141.2119980822,Windows 11,1.0
dell,76519,67.0,Intel,i5,12.0,10.0,8.0,8,ddr4,SSD,512.0,157.3505121487,Windows 11,1.0
lenovo,200000,71.0,Intel,i7,12.0,12.0,16.0,16,lpddr5,SSD,512.0,170.2372535108,Windows 11,3.0
acer,63990,71.0,AMD,ryzen,5.0,6.0,16.0,16,ddr4,SSD,512.0,141.2119980822,Windows 11,1.0
hp,93000,71.0,Intel,i5,11.0,4.0,16.0,16,ddr4,SSD,512.0,141.2119980822,Windows 10,3.0
hp,34490,,Intel,i3,11.0,2.0,8.0,8,ddr4,SSD,512.0,111.9352035596,Windows 11,1.0
lenovo,140200,69.0,Intel,i7,11.0,4.0,16.0,16,ram,SSD,512.0,157.3505121487,Windows 11,1.0
hp,71020,60.0,Intel,i5,12.0,10.0,8.0,8,ddr4,SSD,512.0,157.3505121487,Windows 11,1.0
asus,24850,,Intel,celeron,,2.0,4.0,4,ram,SSD,256.0,157.3505121487,Windows 11,1.0
lenovo,78500,68.0,AMD,ryzen,5.0,8.0,16.0,16,ddr4,SSD,512.0,157.3505121487,Windows 11,1.0
lenovo,37990,,Intel,i3,11.0,2.0,8.0,8,ddr4,SSD,256.0,141.2119980822,Windows 11,1.0
acer,47990,,others,others,2.0,8.0,4.0,4,lpddr4x,Hard Disk,128.0,165.6321180513,Chrome,1.0
dell,65390,,Intel,i5,12.0,10.0,8.0,8,ddr4,SSD,512.0,141.2119980822,Windows 11,1.0
asus,108990,69.0,Intel,i7,12.0,12.0,16.0,16,lpddr5,SSD,512.0,242.5880862529,Windows 11,1.0
lenovo,33990,,Intel,i3,10.0,2.0,8.0,8,ddr4,SSD,256.0,141.2119980822,Windows 11,2.0
asus,54990,63.0,Intel,i5,10.0,4.0,8.0,8,ddr4,SSD,512.0,141.2119980822,Windows 11,1.0
msi,149990,73.0,Intel,i7,12.0,14.0,16.0,16,ddr4,SSD,1024.0,127.3356745712,Windows 11,2.0
msi,57990,,AMD,ryzen,5.0,6.0,8.0,8,ddr4,SSD,512.0,141.2119980822,Windows 10,1.0
lenovo,77500,67.0,Intel,i5,11.0,4.0,16.0,16,ddr4,SSD,512.0,157.3505121487,Windows 10,1.0
lenovo,74500,,Intel,i5,12.0,10.0,8.0,8,ddr4,SSD,512.0,157.3505121487,Windows 11,1.0
dell,312199,79.0,Intel,i9,11.0,8.0,32.0,32,ddr4,SSD,1024.0,127.3356745712,Windows 11,1.0
lenovo,36990,,Intel,i3,11.0,2.0,8.0,8,ddr4,SSD,256.0,141.2119980822,Windows 11,1.0
others,95449,,Intel,i5,12.0,10.0,8.0,8,lpddr5,SSD,128.0,266.2560941881,Windows 11,1.0
others,178999,,Intel,i7,12.0,10.0,8.0,8,ram,SSD,256.0,200.842559937,Windows 11,1.0
others,182990,63.0,Intel,i7,12.0,10.0,16.0,16,ram,SSD,512.0,199.9879107457,Windows 11,1.0
others,139999,,Intel,i7,12.0,10.0,8.0,8,ram,SSD,256.0,199.9879107457,Windows 11,1.0
others,192990,,Intel,i7,12.0,10.0,16.0,16,lpddr5,SSD,512.0,266.2560941881,Windows 11,1.0
others,167999,,Intel,i7,12.0,10.0,16.0,16,lpddr5,SSD,256.0,266.2560941881,Windows 11,1.0
dell,55999,61.0,AMD,ryzen,5.0,6.0,8.0,8,ddr4,SSD,512.0,157.3505121487,Windows 11,1.0
acer,24990,,Intel,pentium,,4.0,8.0,8,ddr4,SSD,256.0,100.4546698611,Windows 11,1.0
lenovo,29990,,Intel,i3,10.0,2.0,4.0,4,ddr4,SSD,256.0,141.2119980822,Windows 11,1.0
asus,67999,,Intel,i7,11.0,4.0,8.0,8,ddr4,Hard Disk,1024.0,141.2119980822,Windows 11,
acer,49999,60.0,Intel,i5,11.0,4.0,12.0,12,ddr4,SSD,512.0,141.2119980822,Windows 11,1.0
lenovo,104900,73.0,Intel,i5,11.0,4.0,16.0,16,ddr4,SSD,512.0,157.3505121487,Windows 10,1.0
acer,61500,65.0,AMD,ryzen,5.0,6.0,8.0,8,lpddr4x,SSD,512.0,157.3505121487,Windows 11,1.0
dell,89976,62.0,AMD,ryzen,5.0,8.0,16.0,16,ddr4,SSD,512.0,157.3505121487,Windows 11,1.0
dell,185800,,Intel,i7,12.0,10.0,16.0,16,lpddr5,SSD,1024.0,164.3960574688,Windows 11,1.0
asus,27990,,Intel,pentium,,4.0,8.0,8,ddr4,SSD,256.0,111.1413368676,Windows 11,1.0
asus,44990,,Intel,i5,10.0,4.0,8.0,8,ddr4,SSD,512.0,141.2119980822,Windows 11,1.0
dell,123990,80.0,Intel,i7,12.0,10.0,16.0,16,ddr5,SSD,512.0,141.2119980822,Windows 11,1.0
acer,39999,,AMD,ryzen,3.0,2.0,8.0,8,ddr4,Hard Disk,1024.0,111.9352035596,Windows 11,1.0
asus,33690,,Intel,i3,10.0,2.0,8.0,8,ddr4,SSD,512.0,141.2119980822,Windows 11,1.0
lenovo,23999,,Intel,celeron,,2.0,4.0,4,ddr4,SSD,256.0,141.2119980822,Windows 11,1.0
lenovo,245000,74.0,Intel,i7,11.0,8.0,32.0,32,ram,SSD,512.0,141.2119980822,Windows 10,1.0
dell,61088,63.0,AMD,ryzen,5.0,6.0,16.0,16,ram,SSD,512.0,157.3505121487,Windows 11,1.0
dell,158990,76.0,AMD,ryzen,6.0,8.0,16.0,16,ddr5,SSD,1024.0,141.2119980822,Windows 11,1.0
dell,146990,76.0,AMD,ryzen,6.0,8.0,16.0,16,ddr5,SSD,1024.0,141.2119980822,Windows 11,1.0
dell,127990,78.0,AMD,ryzen,6.0,8.0,16.0,16,ddr5,SSD,512.0,141.2119980822,Windows 11,1.0
acer,47990,,Intel,i3,12.0,6.0,8.0,8,ram,SSD,512.0,141.2119980822,Windows 11,1.0
acer,37990,,Intel,i3,11.0,2.0,8.0,8,ddr4,SSD,512.0,141.2119980822,Windows 11,1.0
lenovo,211990,,Intel,i7,12.0,10.0,16.0,16,ram,SSD,1024.0,161.7253908353,Windows 11,1.0
asus,69990,61.0,Intel,i5,12.0,10.0,16.0,16,lpddr4,SSD,512.0,242.5880862529,Windows 11,1.0
dell,200000,79.0,Intel,i7,11.0,8.0,16.0,16,ddr4,SSD,512.0,141.2119980822,Windows 11,1.0
lenovo,141000,78.0,AMD,ryzen,4.0,8.0,8.0,8,ddr4,Hard Disk,1024.0,141.2119980822,Windows 10,
lenovo,55000,62.0,Intel,i5,11.0,4.0,8.0,8,ddr4,Hard Disk,1024.0,141.2119980822,Windows 11,
lenovo,91490,63.0,Intel,i7,12.0,10.0,16.0,16,ddr4,SSD,1024.0,141.2119980822,Windows 11,1.0
lenovo,47115,,Intel,i5,10.0,4.0,8.0,8,ddr4,SSD,512.0,141.2119980822,Windows 10,
others,70000,66.0,Intel,i7,11.0,4.0,32.0,32,ddr4,SSD,1024.0,141.2119980822,Windows 10,1.0
dell,195190,74.0,Intel,i7,12.0,12.0,16.0,16,lpddr5,SSD,1024.0,337.9336524916,Windows 11,1.0
asus,24500,,Intel,celeron,,2.0,4.0,4,ram,SSD,256.0,157.3505121487,Windows 11,1.0
dell,133500,,Intel,i5,12.0,10.0,16.0,16,lpddr5,SSD,512.0,164.3960574688,Windows 11,1.0
msi,444990,,Intel,i7,12.0,14.0,32.0,32,ddr4,SSD,1024.0,188.6796226411,Windows 11,3.0
asus,87500,73.0,Intel,i7,12.0,14.0,16.0,16,ddr4,SSD,512.0,141.2119980822,Windows 11,1.0
msi,395000,,Intel,i9,12.0,14.0,64.0,64,ddr5,SSD,2048.0,174.5013851016,Windows 11,2.0
acer,29990,,AMD,ryzen,3.0,2.0,8.0,8,ddr4,SSD,256.0,141.2119980822,Windows 11,1.0
lenovo,78990,69.0,AMD,ryzen,5.0,6.0,16.0,16,lpddr4x,SSD,512.0,165.6321180513,Windows 11,3.0
msi,196990,,Intel,i7,12.0,14.0,32.0,32,ddr4,SSD,1024.0,188.6796226411,Windows 11,3.0
others,27489,,Intel,celeron,,4.0,8.0,8,lpddr4x,SSD,256.0,185.4283513096,Windows 11,1.0
hp,160018,81.0,AMD,ryzen,6.0,8.0,32.0,32,ddr5,SSD,1024.0,136.8265323032,Windows 11,1.0
hp,180880,85.0,Intel,i7,12.0,14.0,16.0,16,ddr5,SSD,1024.0,136.8265323032,Windows 11,1.0
lenovo,75990,62.0,Intel,i5,12.0,10.0,8.0,8,lpddr4x,SSD,512.0,161.7253908353,Windows 11,1.0
hp,139680,74.0,AMD,ryzen,6.0,8.0,16.0,16,ddr5,SSD,1024.0,136.8265323032,Windows 11,1.0
lenovo,67490,60.0,Intel,i5,12.0,10.0,16.0,16,ddr4,SSD,512.0,141.2119980822,Windows 11,1.0
dell,129990,,Intel,i7,12.0,10.0,16.0,16,lpddr5,SSD,512.0,164.3960574688,Windows 11,1.0
hp,116180,66.0,AMD,ryzen,6.0,8.0,16.0,16,ddr4,SSD,512.0,137.6816981301,Windows 11,1.0
hp,99800,66.0,AMD,ryzen,6.0,8.0,16.0,16,ddr4,SSD,512.0,137.6816981301,Windows 11,1.0
lenovo,49999,,Intel,i5,11.0,4.0,8.0,8,ddr4,Hard Disk,1024.0,157.3505121487,DOS,1.0
lenovo,69990,,Intel,i5,11.0,4.0,8.0,8,lpddr4,SSD,512.0,174.1658055149,Windows 10,1.0
dell,67999,,Intel,i5,11.0,,8.0,8,ddr4,SSD,512.0,,Windows 11,1.0
lenovo,102490,66.0,Intel,i7,12.0,10.0,16.0,16,ddr4,SSD,1024.0,157.3505121487,Windows 11,1.0
lenovo,179990,69.0,Intel,i7,12.0,14.0,16.0,16,lpddr5,SSD,1024.0,314.7010242975,Windows 11,1.0
dell,49850,,Intel,i3,11.0,2.0,16.0,16,ddr4,Hard Disk,1024.0,141.2119980822,Windows 11,
lenovo,111990,69.0,Intel,i7,12.0,12.0,16.0,16,lpddr5,SSD,512.0,242.5880862529,Windows 11,1.0
others,99990,68.0,Intel,i7,12.0,10.0,16.0,16,ram,SSD,512.0,165.6321180513,Windows 11,2.0
others,74990,71.0,Intel,i5,11.0,6.0,16.0,16,ddr4,SSD,512.0,141.2119980822,Windows 11,1.0
others,68990,71.0,Intel,i5,11.0,6.0,16.0,16,ddr4,SSD,512.0,141.2119980822,Windows 11,1.0
others,87800,72.0,Intel,i5,11.0,6.0,16.0,16,ddr4,SSD,512.0,141.2119980822,Windows 11,1.0
lenovo,89149,62.0,Intel,i5,11.0,4.0,8.0,8,ddr4,SSD,512.0,156.2345510697,Windows 11,1.0
dell,38850,,Intel,i3,11.0,2.0,8.0,8,ram,SSD,256.0,100.4546698611,others,1.0
others,67818,,Intel,i5,10.0,4.0,8.0,8,ddr4,SSD,256.0,141.2119980822,Windows 10,
lenovo,60100,,Intel,i5,11.0,4.0,8.0,8,ddr4,SSD,512.0,157.3505121487,DOS,1.0
hp,48500,61.0,Intel,i3,11.0,2.0,8.0,8,ddr4,SSD,256.0,100.4546698611,Windows 10,3.0
dell,53100,,Intel,i3,11.0,2.0,16.0,16,ddr4,Hard Disk,1024.0,141.2119980822,Windows 11,
lenovo,62500,,Intel,i3,11.0,2.0,8.0,8,ddr4,SSD,512.0,157.3505121487,Windows 11,1.0
acer,24990,,Intel,celeron,,4.0,4.0,4,ddr4,SSD,128.0,135.0942111926,Windows 11,1.0
lenovo,44990,,Intel,i3,11.0,2.0,8.0,8,ddr4,SSD,256.0,141.2119980822,Windows 11,1.0
others,89990,68.0,Intel,i5,12.0,10.0,16.0,16,lpddr4x,SSD,512.0,165.6321180513,Windows 11,2.0
dell,49800,,Intel,i3,11.0,2.0,16.0,16,ddr4,SSD,512.0,141.2119980822,Windows 11,1.0
others,99990,69.0,Intel,i7,12.0,10.0,16.0,16,lpddr4x,SSD,512.0,165.6321180513,Windows 11,2.0
lenovo,71300,60.0,Intel,i5,11.0,4.0,8.0,8,ddr4,SSD,512.0,141.2119980822,Windows 11,1.0
dell,78990,,Intel,i5,12.0,12.0,16.0,16,lpddr5,SSD,512.0,226.9830046811,Windows 11,1.0
lenovo,57900,,Intel,i5,11.0,4.0,8.0,8,ddr4,SSD,512.0,141.2119980822,Windows 10,1.0
lenovo,42500,,Intel,i3,10.0,2.0,4.0,4,ddr4,SSD,256.0,157.3505121487,DOS,1.0
dell,171000,69.0,Intel,i5,12.0,12.0,16.0,16,lpddr5,SSD,512.0,337.9336524916,Windows 11,1.0
acer,51500,,AMD,ryzen,3.0,4.0,8.0,8,ddr4,SSD,512.0,141.2119980822,Windows 11,1.0
acer,99990,76.0,AMD,ryzen,5.0,6.0,16.0,16,ddr4,Hard Disk,1024.0,188.2826641096,Windows 11,
acer,44990,,AMD,ryzen,5.0,6.0,8.0,8,ddr4,SSD,256.0,141.2119980822,Windows 10,1.0
acer,129990,,AMD,ryzen,,,16.0,16,,Hard Disk,,,others,
hp,192490,76.0,Intel,i9,12.0,14.0,16.0,16,ddr5,SSD,1024.0,275.3633962603,Windows 11,1.0
hp,75299,72.0,AMD,ryzen,5.0,6.0,8.0,8,ddr4,SSD,512.0,136.8265323032,Windows 10,1.0
lenovo,149990,76.0,AMD,ryzen,6.0,8.0,16.0,16,ddr5,SSD,1024.0,188.6796226411,Windows 11,1.0
hp,103000,67.0,Intel,i5,12.0,10.0,16.0,16,lpddr4x,SSD,512.0,255.3558802662,Windows 11,1.0
hp,143990,69.0,Intel,i7,12.0,10.0,16.0,16,lpddr4x,SSD,512.0,340.4745070216,Windows 11,1.0
lenovo,177999,82.0,AMD,ryzen,6.0,8.0,32.0,32,ddr5,SSD,1024.0,188.6796226411,Windows 11,1.0
others,185490,81.0,Intel,i7,12.0,14.0,16.0,16,ddr4,SSD,1024.0,141.2119980822,Windows 11,2.0
lenovo,48000,,Intel,i5,10.0,4.0,4.0,4,ddr4,SSD,256.0,111.9352035596,Windows 10,1.0
lenovo,51500,,Intel,i3,11.0,2.0,8.0,8,ddr4,Hard Disk,1024.0,157.3505121487,Windows 10,1.0
hp,25020,,Intel,celeron,,2.0,4.0,4,lpddr4,Hard Disk,64.0,111.9352035596,Chrome,1.0
asus,66990,67.0,Intel,i5,12.0,12.0,16.0,16,ddr4,SSD,512.0,157.3505121487,Windows 11,1.0
dell,74999,65.0,Intel,i5,11.0,4.0,16.0,16,ddr4,Hard Disk,1024.0,111.9352035596,Windows 10,
lenovo,21999,,AMD,athlon,,2.0,4.0,4,ram,Hard Disk,1024.0,141.2119980822,Windows 11,1.0
hp,35899,,Intel,i3,11.0,,8.0,8,ddr4,SSD,512.0,,DOS,1.0
acer,26990,,Intel,pentium,,2.0,4.0,4,ddr4,Hard Disk,1024.0,100.4546698611,Windows 11,1.0
lenovo,62990,,Intel,i5,11.0,4.0,16.0,16,ddr4,SSD,512.0,141.2119980822,Windows 11,1.0
others,68999,71.0,Intel,i5,12.0,12.0,16.0,16,lpddr5,SSD,512.0,213.286131788,Windows 11,
lenovo,248890,66.0,Intel,i7,11.0,4.0,16.0,16,ram,SSD,1024.0,157.3505121487,Windows 10,1.0
others,71975,62.0,Intel,i5,10.0,4.0,8.0,8,ddr4,SSD,512.0,157.3505121487,Windows 10,1.0
lenovo,87000,66.0,Intel,i5,11.0,4.0,8.0,8,ddr4,SSD,512.0,157.3505121487,Windows 10,1.0
msi,115990,78.0,Intel,i7,11.0,8.0,16.0,16,ddr4,SSD,512.0,188.6796226411,Windows 10,1.0
dell,48000,,Intel,i3,11.0,2.0,8.0,8,ddr4,Hard Disk,1024.0,141.5750109307,Windows 11,
others,100931,61.0,Intel,i5,11.0,4.0,8.0,8,ram,SSD,512.0,185.4283513096,Windows 10,1.0
asus,155000,82.0,AMD,ryzen,6.0,8.0,16.0,16,ddr5,SSD,1024.0,157.3505121487,Windows 11,1.0
asus,187990,87.0,AMD,ryzen,6.0,8.0,16.0,16,ddr5,SSD,1024.0,188.6796226411,Windows 11,1.0
lenovo,36524,,AMD,ryzen,5.0,6.0,8.0,8,ddr4,SSD,512.0,141.2119980822,Windows 10,1.0
others,113999,65.0,Intel,i7,12.0,12.0,16.0,16,lpddr5,SSD,512.0,264.0685441185,Windows 11,1.0
lenovo,47199,,Intel,i5,11.0,4.0,8.0,8,ram,SSD,512.0,157.3505121487,DOS,1.0
lenovo,85999,65.0,Intel,i7,11.0,4.0,16.0,16,lpddr4,SSD,512.0,232.2210740199,Windows 11,1.0
lenovo,68495,,Intel,i5,11.0,4.0,8.0,8,ddr4,SSD,256.0,156.2345510697,Windows 11,1.0
others,124990,66.0,Intel,i7,12.0,12.0,16.0,16,lpddr5,SSD,1024.0,264.0685441185,Windows 11,1.0
lenovo,74490,69.0,Intel,i7,11.0,4.0,16.0,16,ddr4,SSD,512.0,157.3505121487,Windows 11,1.0
msi,76169,69.0,Intel,i7,11.0,8.0,16.0,16,ram,SSD,512.0,127.188635686,Windows 11,1.0
lenovo,74517,62.0,Intel,i5,11.0,4.0,16.0,16,lpddr4x,SSD,512.0,242.5880862529,Windows 11,1.0
acer,76000,65.0,AMD,ryzen,5.0,6.0,16.0,16,ddr4,SSD,512.0,157.3505121487,Windows 10,1.0
acer,79730,66.0,AMD,ryzen,5.0,6.0,16.0,16,ddr4,SSD,512.0,157.3505121487,Windows 11,1.0
dell,38499,,Intel,i3,11.0,2.0,8.0,8,ddr4,Hard Disk,1024.0,157.3505121487,Windows 11,1.0
others,144990,75.0,Intel,i7,12.0,14.0,16.0,16,ddr4,Hard Disk,,,Windows 11,2.0
asus,171990,81.0,AMD,ryzen,6.0,8.0,32.0,32,lpddr5,SSD,1024.0,168.9668262458,Windows 11,1.0
lenovo,83399,,Intel,i5,10.0,4.0,8.0,8,ddr4,SSD,512.0,157.3505121487,Windows 10,1.0
others,65000,61.0,Intel,i7,11.0,4.0,16.0,16,ddr4,SSD,1024.0,141.2119980822,Windows 10,1.0
lenovo,92999,66.0,Intel,i5,11.0,4.0,16.0,16,ddr4,SSD,512.0,157.3505121487,Windows 10,3.0
lenovo,69990,71.0,AMD,ryzen,5.0,6.0,16.0,16,ddr4,SSD,512.0,145.1381712624,Windows 11,1.0
acer,66918,67.0,AMD,ryzen,5.0,6.0,8.0,8,ddr4,SSD,512.0,141.2119980822,Windows 11,1.0
others,143990,79.0,Intel,i7,12.0,14.0,16.0,16,ddr4,SSD,1024.0,141.2119980822,Windows 11,2.0
lenovo,29500,,Intel,i3,11.0,2.0,4.0,4,ddr4,SSD,256.0,157.3505121487,DOS,1.0
lenovo,63990,62.0,Intel,i5,11.0,4.0,16.0,16,ddr4,SSD,512.0,141.2119980822,Windows 11,1.0
acer,84999,,Intel,i5,12.0,10.0,16.0,16,lpddr4x,SSD,512.0,157.3505121487,Windows 11,1.0
msi,111990,76.0,Intel,i7,12.0,14.0,16.0,16,ddr4,SSD,512.0,141.2119980822,Windows 11,2.0
msi,185890,82.0,Intel,i7,12.0,14.0,16.0,16,ddr5,SSD,1024.0,127.3356745712,Windows 11,2.0
msi,105990,79.0,Intel,i7,12.0,14.0,16.0,16,ddr4,SSD,512.0,190.6936351848,Windows 11,2.0
msi,119990,80.0,Intel,i7,12.0,14.0,16.0,16,ddr4,SSD,1024.0,190.6936351848,Windows 11,2.0
msi,51990,69.0,Intel,i5,11.0,6.0,8.0,8,ddr4,SSD,512.0,141.2119980822,Windows 11,2.0
asus,359999,85.0,Intel,i9,12.0,,32.0,32,ddr5,SSD,4096.0,169.7808994283,Windows 11,1.0
lenovo,245250,62.0,Intel,i7,11.0,4.0,16.0,16,ram,SSD,512.0,157.3505121487,Windows 11,1.0
others,23990,,Intel,,,2.0,8.0,8,ddr3,SSD,256.0,111.1413368676,Windows 10,0.08
acer,35990,,AMD,ryzen,3.0,4.0,8.0,8,ddr4,SSD,512.0,141.2119980822,Windows 11,1.0
msi,144834,75.0,Intel,i7,12.0,14.0,16.0,16,ram,SSD,1024.0,141.2119980822,Windows 11,1.0
asus,281990,87.0,Intel,i9,12.0,14.0,32.0,32,ddr5,SSD,1024.0,188.2826641096,Windows 11,1.0
msi,92900,72.0,Intel,i7,11.0,8.0,16.0,16,ram,SSD,512.0,127.188635686,Windows 11,1.0
lenovo,51990,,Intel,i5,11.0,4.0,8.0,8,ddr4,SSD,512.0,141.2119980822,Windows 11,1.0
lenovo,86700,62.0,AMD,ryzen,4.0,8.0,8.0,8,ram,SSD,512.0,157.3505121487,Windows 10,1.0
asus,68200,,AMD,ryzen,5.0,6.0,16.0,16,ddr4,SSD,512.0,161.7253908353,Windows 11,1.0
asus,56990,61.0,Intel,i5,11.0,4.0,16.0,16,ddr4,SSD,512.0,157.3505121487,Windows 11,1.0
asus,32990,,Intel,i3,10.0,2.0,8.0,8,ddr4,SSD,256.0,141.2119980822,Windows 11,1.0
hp,108990,69.0,Intel,i5,12.0,10.0,16.0,16,lpddr4x,SSD,512.0,170.9298382442,Windows 11,1.0
dell,80990,,Intel,i5,12.0,10.0,16.0,16,ddr4,SSD,512.0,161.7253908353,Windows 11,1.0
hp,110480,67.0,Intel,i5,12.0,10.0,8.0,8,lpddr4x,SSD,512.0,267.0778722566,Windows 11,1.0
asus,137028,67.0,AMD,ryzen,6.0,8.0,16.0,16,ddr5,SSD,1024.0,127.3356745712,Windows 11,1.0
others,184900,82.0,Intel,i7,12.0,14.0,16.0,16,ddr4,SSD,1024.0,188.2826641096,Windows 11,2.0
hp,176990,74.0,Intel,i7,12.0,12.0,16.0,16,lpddr4x,SSD,1024.0,283.0194339617,Windows 11,1.0
asus,161990,84.0,AMD,ryzen,6.0,8.0,16.0,16,ddr5,SSD,1024.0,188.2826641096,Windows 11,1.0
msi,308990,,Intel,i7,12.0,14.0,32.0,32,ddr5,SSD,2048.0,169.7808994283,Windows 11,2.0
asus,238121,,Intel,i7,12.0,14.0,32.0,32,ddr5,SSD,1024.0,283.0194339617,Windows 10,1.0
asus,217490,87.0,Intel,i9,12.0,14.0,16.0,16,ddr5,SSD,1024.0,283.0194339617,Windows 11,1.0
dell,42000,,Intel,i3,11.0,2.0,4.0,4,ddr4,SSD,512.0,111.9352035596,others,1.0
hp,64000,,Intel,i5,11.0,4.0,8.0,8,ddr4,Hard Disk,1024.0,100.4546698611,Windows 11,1.0
asus,161990,85.0,AMD,ryzen,6.0,8.0,16.0,16,ddr5,SSD,1024.0,188.2826641096,Windows 11,1.0
dell,34800,,Intel,i3,11.0,2.0,4.0,4,ddr4,SSD,256.0,111.9352035596,others,1.0
dell,41500,,Intel,i3,11.0,2.0,4.0,4,ddr4,Hard Disk,1024.0,111.9352035596,others,
lenovo,72759,67.0,Intel,i5,11.0,4.0,16.0,16,ddr4,SSD,512.0,141.2119980822,Windows 11,1.0
